19:34:13.428 debug: 2026/4/21 19:34:13
19:34:13.428 debug: Project: C:\coin-pusher\cocos\coin-pusher-cocos
19:34:13.428 debug: Targets: editor,preview
19:34:13.431 debug: Incremental file seems great.
19:34:13.432 debug: Engine path: C:\ProgramData\cocos\editors\Creator\3.8.8\resources\resources\3d\engine
19:34:13.445 debug: Initializing target [Editor]
19:34:13.445 debug: Loading cache
19:34:13.446 debug: Loading cache costs 0.9317000000000917ms.
19:34:13.446 debug: Engine features shipped in editor: base,gfx-webgl,gfx-webgl2,gfx-empty,gfx-webgpu,3d,animation,skeletal-animation,2d,rich-text,mask,graphics,ui-skew,ui,affine-transform,sorting-2d,particle,particle-2d,physics-framework,physics-cannon,physics-physx,physics-ammo,physics-builtin,physics-2d-framework,physics-2d-box2d-jsb,physics-2d-box2d,physics-2d-builtin,physics-2d-box2d-wasm,intersection-2d,primitive,profiler,occlusion-query,geometry-renderer,debug-renderer,audio,video,xr,light-probe,terrain,webview,tween,tiled-map,vendor-google,spine-3.8,spine-4.2,dragon-bones,marionette,procedural-animation,custom-pipeline,custom-pipeline-builtin-scripts,custom-pipeline-post-process,legacy-pipeline,websocket,websocket-server,meshopt
19:34:13.447 debug: Our import map(foo:/bar): {
  "imports": {
    "cc": "cce:/internal/x/cc"
  }
}
19:34:13.447 debug: Initializing target [Preview]
19:34:13.447 debug: Loading cache
19:34:13.448 debug: Loading cache costs 0.8802000000005137ms.
19:34:13.448 debug: Our import map(foo:/bar): {
  "imports": {
    "cc": "cce:/internal/x/cc"
  }
}
19:34:13.492 debug: Sync engine features: 2d,3d,affine-transform,animation,audio,base,custom-pipeline,dragon-bones,gfx-webgl,graphics,intersection-2d,light-probe,marionette,mask,particle,particle-2d,physics-2d-box2d,physics-ammo,primitive,profiler,rich-text,skeletal-animation,spine-3.8,terrain,tiled-map,tween,ui,ui-skew,video,websocket,webview
19:34:13.496 debug: Reset databases. Enumerated domains: [
  {
    "root": "db://internal/",
    "physical": "C:\\ProgramData\\cocos\\editors\\Creator\\3.8.8\\resources\\resources\\3d\\engine\\editor\\assets"
  },
  {
    "root": "db://assets/",
    "physical": "C:\\coin-pusher\\cocos\\coin-pusher-cocos\\assets"
  }
]
19:34:13.496 debug: Our import map(foo:/bar): {
  "imports": {
    "cc": "cce:/internal/x/cc",
    "db://internal/": "file:///C:/ProgramData/cocos/editors/Creator/3.8.8/resources/resources/3d/engine/editor/assets/",
    "db://assets/": "file:///C:/coin-pusher/cocos/coin-pusher-cocos/assets/"
  }
}
19:34:13.498 debug: Our import map(foo:/bar): {
  "imports": {
    "cc": "cce:/internal/x/cc",
    "db://internal/": "file:///C:/ProgramData/cocos/editors/Creator/3.8.8/resources/resources/3d/engine/editor/assets/",
    "db://assets/": "file:///C:/coin-pusher/cocos/coin-pusher-cocos/assets/"
  }
}
19:34:13.499 debug: Pulling asset-db.
19:34:13.503 debug: Fetch asset-db cost: 3.7447999999994863ms.
19:34:13.504 debug: Build iteration starts.
Number of accumulated asset changes: 13
Feature changed: false
19:34:13.504 debug: Target(editor) build started.
19:34:13.508 debug: Detected change: cce:/internal/x/cc. Last mtime: Thu Jan 01 1970 08:00:04 GMT+0800 (中国标准时间), Current mtime: Thu Jan 01 1970 08:00:05 GMT+0800 (中国标准时间)
19:34:13.508 debug: Inspect cce:/internal/x/cc
19:34:13.576 debug: transform url: 'cce:/internal/x/cc' costs: 68.00 ms
19:34:13.578 debug: Resolve cce:/internal/x/cc-fu/base from cce:/internal/x/cc as external dependency cce:/internal/x/cc-fu/base.
19:34:13.578 debug: Resolve cce:/internal/x/cc-fu/gfx-webgl from cce:/internal/x/cc as external dependency cce:/internal/x/cc-fu/gfx-webgl.
19:34:13.578 debug: Resolve cce:/internal/x/cc-fu/gfx-webgl2 from cce:/internal/x/cc as external dependency cce:/internal/x/cc-fu/gfx-webgl2.
19:34:13.578 debug: Resolve cce:/internal/x/cc-fu/gfx-empty from cce:/internal/x/cc as external dependency cce:/internal/x/cc-fu/gfx-empty.
19:34:13.578 debug: Resolve cce:/internal/x/cc-fu/gfx-webgpu from cce:/internal/x/cc as external dependency cce:/internal/x/cc-fu/gfx-webgpu.
19:34:13.578 debug: Resolve cce:/internal/x/cc-fu/3d from cce:/internal/x/cc as external dependency cce:/internal/x/cc-fu/3d.
19:34:13.578 debug: Resolve cce:/internal/x/cc-fu/animation from cce:/internal/x/cc as external dependency cce:/internal/x/cc-fu/animation.
19:34:13.578 debug: Resolve cce:/internal/x/cc-fu/skeletal-animation from cce:/internal/x/cc as external dependency cce:/internal/x/cc-fu/skeletal-animation.
19:34:13.578 debug: Resolve cce:/internal/x/cc-fu/2d from cce:/internal/x/cc as external dependency cce:/internal/x/cc-fu/2d.
19:34:13.578 debug: Resolve cce:/internal/x/cc-fu/sorting from cce:/internal/x/cc as external dependency cce:/internal/x/cc-fu/sorting.
19:34:13.579 debug: Resolve cce:/internal/x/cc-fu/rich-text from cce:/internal/x/cc as external dependency cce:/internal/x/cc-fu/rich-text.
19:34:13.579 debug: Resolve cce:/internal/x/cc-fu/mask from cce:/internal/x/cc as external dependency cce:/internal/x/cc-fu/mask.
19:34:13.579 debug: Resolve cce:/internal/x/cc-fu/graphics from cce:/internal/x/cc as external dependency cce:/internal/x/cc-fu/graphics.
19:34:13.579 debug: Resolve cce:/internal/x/cc-fu/ui-skew from cce:/internal/x/cc as external dependency cce:/internal/x/cc-fu/ui-skew.
19:34:13.579 debug: Resolve cce:/internal/x/cc-fu/ui from cce:/internal/x/cc as external dependency cce:/internal/x/cc-fu/ui.
19:34:13.579 debug: Resolve cce:/internal/x/cc-fu/affine-transform from cce:/internal/x/cc as external dependency cce:/internal/x/cc-fu/affine-transform.
19:34:13.579 debug: Resolve cce:/internal/x/cc-fu/sorting-2d from cce:/internal/x/cc as external dependency cce:/internal/x/cc-fu/sorting-2d.
19:34:13.579 debug: Resolve cce:/internal/x/cc-fu/particle from cce:/internal/x/cc as external dependency cce:/internal/x/cc-fu/particle.
19:34:13.579 debug: Resolve cce:/internal/x/cc-fu/particle-2d from cce:/internal/x/cc as external dependency cce:/internal/x/cc-fu/particle-2d.
19:34:13.579 debug: Resolve cce:/internal/x/cc-fu/physics-framework from cce:/internal/x/cc as external dependency cce:/internal/x/cc-fu/physics-framework.
19:34:13.579 debug: Resolve cce:/internal/x/cc-fu/physics-cannon from cce:/internal/x/cc as external dependency cce:/internal/x/cc-fu/physics-cannon.
19:34:13.579 debug: Resolve cce:/internal/x/cc-fu/physics-physx from cce:/internal/x/cc as external dependency cce:/internal/x/cc-fu/physics-physx.
19:34:13.579 debug: Resolve cce:/internal/x/cc-fu/physics-ammo from cce:/internal/x/cc as external dependency cce:/internal/x/cc-fu/physics-ammo.
19:34:13.579 debug: Resolve cce:/internal/x/cc-fu/physics-builtin from cce:/internal/x/cc as external dependency cce:/internal/x/cc-fu/physics-builtin.
19:34:13.579 debug: Resolve cce:/internal/x/cc-fu/physics-2d-framework from cce:/internal/x/cc as external dependency cce:/internal/x/cc-fu/physics-2d-framework.
19:34:13.579 debug: Resolve cce:/internal/x/cc-fu/physics-2d-box2d-jsb from cce:/internal/x/cc as external dependency cce:/internal/x/cc-fu/physics-2d-box2d-jsb.
19:34:13.579 debug: Resolve cce:/internal/x/cc-fu/physics-2d-box2d from cce:/internal/x/cc as external dependency cce:/internal/x/cc-fu/physics-2d-box2d.
19:34:13.579 debug: Resolve cce:/internal/x/cc-fu/physics-2d-builtin from cce:/internal/x/cc as external dependency cce:/internal/x/cc-fu/physics-2d-builtin.
19:34:13.579 debug: Resolve cce:/internal/x/cc-fu/physics-2d-box2d-wasm from cce:/internal/x/cc as external dependency cce:/internal/x/cc-fu/physics-2d-box2d-wasm.
19:34:13.579 debug: Resolve cce:/internal/x/cc-fu/intersection-2d from cce:/internal/x/cc as external dependency cce:/internal/x/cc-fu/intersection-2d.
19:34:13.579 debug: Resolve cce:/internal/x/cc-fu/primitive from cce:/internal/x/cc as external dependency cce:/internal/x/cc-fu/primitive.
19:34:13.580 debug: Resolve cce:/internal/x/cc-fu/profiler from cce:/internal/x/cc as external dependency cce:/internal/x/cc-fu/profiler.
19:34:13.580 debug: Resolve cce:/internal/x/cc-fu/geometry-renderer from cce:/internal/x/cc as external dependency cce:/internal/x/cc-fu/geometry-renderer.
19:34:13.580 debug: Resolve cce:/internal/x/cc-fu/audio from cce:/internal/x/cc as external dependency cce:/internal/x/cc-fu/audio.
19:34:13.580 debug: Resolve cce:/internal/x/cc-fu/video from cce:/internal/x/cc as external dependency cce:/internal/x/cc-fu/video.
19:34:13.580 debug: Resolve cce:/internal/x/cc-fu/xr from cce:/internal/x/cc as external dependency cce:/internal/x/cc-fu/xr.
19:34:13.580 debug: Resolve cce:/internal/x/cc-fu/light-probe from cce:/internal/x/cc as external dependency cce:/internal/x/cc-fu/light-probe.
19:34:13.580 debug: Resolve cce:/internal/x/cc-fu/terrain from cce:/internal/x/cc as external dependency cce:/internal/x/cc-fu/terrain.
19:34:13.580 debug: Resolve cce:/internal/x/cc-fu/webview from cce:/internal/x/cc as external dependency cce:/internal/x/cc-fu/webview.
19:34:13.580 debug: Resolve cce:/internal/x/cc-fu/tween from cce:/internal/x/cc as external dependency cce:/internal/x/cc-fu/tween.
19:34:13.580 debug: Resolve cce:/internal/x/cc-fu/tiled-map from cce:/internal/x/cc as external dependency cce:/internal/x/cc-fu/tiled-map.
19:34:13.580 debug: Resolve cce:/internal/x/cc-fu/vendor-google from cce:/internal/x/cc as external dependency cce:/internal/x/cc-fu/vendor-google.
19:34:13.580 debug: Resolve cce:/internal/x/cc-fu/spine from cce:/internal/x/cc as external dependency cce:/internal/x/cc-fu/spine.
19:34:13.580 debug: Resolve cce:/internal/x/cc-fu/dragon-bones from cce:/internal/x/cc as external dependency cce:/internal/x/cc-fu/dragon-bones.
19:34:13.581 debug: Resolve cce:/internal/x/cc-fu/custom-pipeline from cce:/internal/x/cc as external dependency cce:/internal/x/cc-fu/custom-pipeline.
19:34:13.581 debug: Resolve cce:/internal/x/cc-fu/custom-pipeline-post-process from cce:/internal/x/cc as external dependency cce:/internal/x/cc-fu/custom-pipeline-post-process.
19:34:13.581 debug: Resolve cce:/internal/x/cc-fu/legacy-pipeline from cce:/internal/x/cc as external dependency cce:/internal/x/cc-fu/legacy-pipeline.
19:34:13.581 debug: Detected change: cce:/internal/x/prerequisite-imports. Last mtime: Thu Jan 01 1970 08:00:06 GMT+0800 (中国标准时间), Current mtime: Thu Jan 01 1970 08:00:05 GMT+0800 (中国标准时间)
19:34:13.581 debug: Inspect cce:/internal/x/prerequisite-imports
19:34:13.607 debug: transform url: 'cce:/internal/x/prerequisite-imports' costs: 25.90 ms
19:34:13.610 debug: Resolve file:///C:/ProgramData/cocos/editors/Creator/3.8.8/resources/resources/3d/engine/editor/assets/default_renderpipeline/builtin-dof-pass.ts from cce:/internal/x/prerequisite-imports as file:///C:/ProgramData/cocos/editors/Creator/3.8.8/resources/resources/3d/engine/editor/assets/default_renderpipeline/builtin-dof-pass.ts.
19:34:13.612 debug: Resolve file:///C:/ProgramData/cocos/editors/Creator/3.8.8/resources/resources/3d/engine/editor/assets/default_renderpipeline/builtin-pipeline-pass.ts from cce:/internal/x/prerequisite-imports as file:///C:/ProgramData/cocos/editors/Creator/3.8.8/resources/resources/3d/engine/editor/assets/default_renderpipeline/builtin-pipeline-pass.ts.
19:34:13.613 debug: Resolve file:///C:/ProgramData/cocos/editors/Creator/3.8.8/resources/resources/3d/engine/editor/assets/default_renderpipeline/builtin-pipeline-settings.ts from cce:/internal/x/prerequisite-imports as file:///C:/ProgramData/cocos/editors/Creator/3.8.8/resources/resources/3d/engine/editor/assets/default_renderpipeline/builtin-pipeline-settings.ts.
19:34:13.614 debug: Resolve file:///C:/ProgramData/cocos/editors/Creator/3.8.8/resources/resources/3d/engine/editor/assets/default_renderpipeline/builtin-pipeline-types.ts from cce:/internal/x/prerequisite-imports as file:///C:/ProgramData/cocos/editors/Creator/3.8.8/resources/resources/3d/engine/editor/assets/default_renderpipeline/builtin-pipeline-types.ts.
19:34:13.616 debug: Resolve file:///C:/ProgramData/cocos/editors/Creator/3.8.8/resources/resources/3d/engine/editor/assets/default_renderpipeline/builtin-pipeline.ts from cce:/internal/x/prerequisite-imports as file:///C:/ProgramData/cocos/editors/Creator/3.8.8/resources/resources/3d/engine/editor/assets/default_renderpipeline/builtin-pipeline.ts.
19:34:13.617 debug: Resolve file:///C:/ProgramData/cocos/editors/Creator/3.8.8/resources/resources/3d/engine/editor/assets/tools/debug-view-runtime-control.ts from cce:/internal/x/prerequisite-imports as file:///C:/ProgramData/cocos/editors/Creator/3.8.8/resources/resources/3d/engine/editor/assets/tools/debug-view-runtime-control.ts.
19:34:13.618 debug: Resolve file:///C:/coin-pusher/cocos/coin-pusher-cocos/assets/scripts/core/GameManager.ts from cce:/internal/x/prerequisite-imports as file:///C:/coin-pusher/cocos/coin-pusher-cocos/assets/scripts/core/GameManager.ts.
19:34:13.618 debug: Detected change: file:///C:/coin-pusher/cocos/coin-pusher-cocos/assets/scripts/core/GameManager.ts. Last mtime: Tue Apr 21 2026 17:26:39 GMT+0800 (中国标准时间)@6bf28501-5fb5-4b59-92ea-2a723c3f027e, Current mtime: Tue Apr 21 2026 18:43:28 GMT+0800 (中国标准时间)@6bf28501-5fb5-4b59-92ea-2a723c3f027e
19:34:13.618 debug: Inspect file:///C:/coin-pusher/cocos/coin-pusher-cocos/assets/scripts/core/GameManager.ts
19:34:13.844 debug: transform url: 'file:///C:/coin-pusher/cocos/coin-pusher-cocos/assets/scripts/core/GameManager.ts' costs: 225.60 ms
19:34:13.847 debug: Resolve file:///C:/coin-pusher/cocos/coin-pusher-cocos/assets/scripts/gameplay/CoinBehaviour.ts from cce:/internal/x/prerequisite-imports as file:///C:/coin-pusher/cocos/coin-pusher-cocos/assets/scripts/gameplay/CoinBehaviour.ts.
19:34:13.847 debug: Detected change: file:///C:/coin-pusher/cocos/coin-pusher-cocos/assets/scripts/gameplay/CoinBehaviour.ts. Last mtime: Tue Apr 21 2026 17:28:26 GMT+0800 (中国标准时间)@162c9ae4-7339-4033-8fd7-f5fe93695055, Current mtime: Tue Apr 21 2026 18:42:45 GMT+0800 (中国标准时间)@162c9ae4-7339-4033-8fd7-f5fe93695055
19:34:13.847 debug: Inspect file:///C:/coin-pusher/cocos/coin-pusher-cocos/assets/scripts/gameplay/CoinBehaviour.ts
19:34:13.923 debug: transform url: 'file:///C:/coin-pusher/cocos/coin-pusher-cocos/assets/scripts/gameplay/CoinBehaviour.ts' costs: 76.20 ms
19:34:13.926 debug: Resolve file:///C:/coin-pusher/cocos/coin-pusher-cocos/assets/scripts/gameplay/CoinSpawner.ts from cce:/internal/x/prerequisite-imports as file:///C:/coin-pusher/cocos/coin-pusher-cocos/assets/scripts/gameplay/CoinSpawner.ts.
19:34:13.926 debug: Detected change: file:///C:/coin-pusher/cocos/coin-pusher-cocos/assets/scripts/gameplay/CoinSpawner.ts. Last mtime: Tue Apr 21 2026 15:16:23 GMT+0800 (中国标准时间)@08942fc9-9f2e-4fe0-b2a7-7b42dce00ae9, Current mtime: Tue Apr 21 2026 18:42:45 GMT+0800 (中国标准时间)@08942fc9-9f2e-4fe0-b2a7-7b42dce00ae9
19:34:13.926 debug: Inspect file:///C:/coin-pusher/cocos/coin-pusher-cocos/assets/scripts/gameplay/CoinSpawner.ts
19:34:13.977 debug: transform url: 'file:///C:/coin-pusher/cocos/coin-pusher-cocos/assets/scripts/gameplay/CoinSpawner.ts' costs: 50.90 ms
19:34:13.980 debug: Resolve file:///C:/coin-pusher/cocos/coin-pusher-cocos/assets/scripts/gameplay/DropZone.ts from cce:/internal/x/prerequisite-imports as file:///C:/coin-pusher/cocos/coin-pusher-cocos/assets/scripts/gameplay/DropZone.ts.
19:34:13.980 debug: Resolve file:///C:/coin-pusher/cocos/coin-pusher-cocos/assets/scripts/gameplay/ItemPrefabConfig.ts from cce:/internal/x/prerequisite-imports as file:///C:/coin-pusher/cocos/coin-pusher-cocos/assets/scripts/gameplay/ItemPrefabConfig.ts.
19:34:13.980 debug: Detected change: file:///C:/coin-pusher/cocos/coin-pusher-cocos/assets/scripts/gameplay/ItemPrefabConfig.ts. Last mtime: Tue Apr 21 2026 17:26:28 GMT+0800 (中国标准时间)@540b4dc9-7880-47fe-960c-6d5e852f658b, Current mtime: Tue Apr 21 2026 18:42:45 GMT+0800 (中国标准时间)@540b4dc9-7880-47fe-960c-6d5e852f658b
19:34:13.981 debug: Inspect file:///C:/coin-pusher/cocos/coin-pusher-cocos/assets/scripts/gameplay/ItemPrefabConfig.ts
19:34:14.013 debug: transform url: 'file:///C:/coin-pusher/cocos/coin-pusher-cocos/assets/scripts/gameplay/ItemPrefabConfig.ts' costs: 32.80 ms
19:34:14.016 debug: Resolve file:///C:/coin-pusher/cocos/coin-pusher-cocos/assets/scripts/gameplay/PusherController.ts from cce:/internal/x/prerequisite-imports as file:///C:/coin-pusher/cocos/coin-pusher-cocos/assets/scripts/gameplay/PusherController.ts.
19:34:14.017 debug: Resolve file:///C:/coin-pusher/cocos/coin-pusher-cocos/assets/scripts/ui/SpawnButtonHold.ts from cce:/internal/x/prerequisite-imports as file:///C:/coin-pusher/cocos/coin-pusher-cocos/assets/scripts/ui/SpawnButtonHold.ts.
19:34:14.017 debug: Resolve cce:/internal/code-quality/cr.mjs from file:///C:/ProgramData/cocos/editors/Creator/3.8.8/resources/resources/3d/engine/editor/assets/default_renderpipeline/builtin-dof-pass.ts as cce:/internal/code-quality/cr.mjs.
19:34:14.017 debug: Detected change: cce:/internal/code-quality/cr.mjs. Last mtime: Tue Apr 21 2026 17:45:30 GMT+0800 (中国标准时间), Current mtime: Tue Apr 21 2026 19:34:08 GMT+0800 (中国标准时间)
19:34:14.017 debug: Inspect cce:/internal/code-quality/cr.mjs
19:34:14.030 debug: transform url: 'cce:/internal/code-quality/cr.mjs' costs: 12.20 ms
19:34:14.032 debug: Resolve cc from file:///C:/ProgramData/cocos/editors/Creator/3.8.8/resources/resources/3d/engine/editor/assets/default_renderpipeline/builtin-dof-pass.ts as cce:/internal/x/cc.
19:34:14.032 debug: Resolve cc from file:///C:/ProgramData/cocos/editors/Creator/3.8.8/resources/resources/3d/engine/editor/assets/default_renderpipeline/builtin-dof-pass.ts as cce:/internal/x/cc.
19:34:14.032 debug: Resolve cc from file:///C:/ProgramData/cocos/editors/Creator/3.8.8/resources/resources/3d/engine/editor/assets/default_renderpipeline/builtin-dof-pass.ts as cce:/internal/x/cc.
19:34:14.032 debug: Resolve cc/env from file:///C:/ProgramData/cocos/editors/Creator/3.8.8/resources/resources/3d/engine/editor/assets/default_renderpipeline/builtin-dof-pass.ts as external dependency cc/env.
19:34:14.033 debug: Resolve ./builtin-pipeline-settings from file:///C:/ProgramData/cocos/editors/Creator/3.8.8/resources/resources/3d/engine/editor/assets/default_renderpipeline/builtin-dof-pass.ts as file:///C:/ProgramData/cocos/editors/Creator/3.8.8/resources/resources/3d/engine/editor/assets/default_renderpipeline/builtin-pipeline-settings.ts.
19:34:14.034 debug: Resolve ./builtin-pipeline-pass from file:///C:/ProgramData/cocos/editors/Creator/3.8.8/resources/resources/3d/engine/editor/assets/default_renderpipeline/builtin-dof-pass.ts as file:///C:/ProgramData/cocos/editors/Creator/3.8.8/resources/resources/3d/engine/editor/assets/default_renderpipeline/builtin-pipeline-pass.ts.
19:34:14.035 debug: Resolve ./builtin-pipeline from file:///C:/ProgramData/cocos/editors/Creator/3.8.8/resources/resources/3d/engine/editor/assets/default_renderpipeline/builtin-dof-pass.ts as file:///C:/ProgramData/cocos/editors/Creator/3.8.8/resources/resources/3d/engine/editor/assets/default_renderpipeline/builtin-pipeline.ts.
19:34:14.035 debug: Resolve cce:/internal/code-quality/cr.mjs from file:///C:/ProgramData/cocos/editors/Creator/3.8.8/resources/resources/3d/engine/editor/assets/default_renderpipeline/builtin-pipeline-settings.ts as cce:/internal/code-quality/cr.mjs.
19:34:14.035 debug: Resolve cc from file:///C:/ProgramData/cocos/editors/Creator/3.8.8/resources/resources/3d/engine/editor/assets/default_renderpipeline/builtin-pipeline-settings.ts as cce:/internal/x/cc.
19:34:14.036 debug: Resolve cc from file:///C:/ProgramData/cocos/editors/Creator/3.8.8/resources/resources/3d/engine/editor/assets/default_renderpipeline/builtin-pipeline-settings.ts as cce:/internal/x/cc.
19:34:14.036 debug: Resolve cc from file:///C:/ProgramData/cocos/editors/Creator/3.8.8/resources/resources/3d/engine/editor/assets/default_renderpipeline/builtin-pipeline-settings.ts as cce:/internal/x/cc.
19:34:14.036 debug: Resolve cc/env from file:///C:/ProgramData/cocos/editors/Creator/3.8.8/resources/resources/3d/engine/editor/assets/default_renderpipeline/builtin-pipeline-settings.ts as external dependency cc/env.
19:34:14.037 debug: Resolve ./builtin-pipeline-types from file:///C:/ProgramData/cocos/editors/Creator/3.8.8/resources/resources/3d/engine/editor/assets/default_renderpipeline/builtin-pipeline-settings.ts as file:///C:/ProgramData/cocos/editors/Creator/3.8.8/resources/resources/3d/engine/editor/assets/default_renderpipeline/builtin-pipeline-types.ts.
19:34:14.037 debug: Resolve cc from file:///C:/ProgramData/cocos/editors/Creator/3.8.8/resources/resources/3d/engine/editor/assets/default_renderpipeline/builtin-pipeline-types.ts as cce:/internal/x/cc.
19:34:14.037 debug: Resolve cc from file:///C:/ProgramData/cocos/editors/Creator/3.8.8/resources/resources/3d/engine/editor/assets/default_renderpipeline/builtin-pipeline-types.ts as cce:/internal/x/cc.
19:34:14.037 debug: Resolve cc from file:///C:/ProgramData/cocos/editors/Creator/3.8.8/resources/resources/3d/engine/editor/assets/default_renderpipeline/builtin-pipeline-types.ts as cce:/internal/x/cc.
19:34:14.037 debug: Resolve cce:/internal/code-quality/cr.mjs from file:///C:/ProgramData/cocos/editors/Creator/3.8.8/resources/resources/3d/engine/editor/assets/default_renderpipeline/builtin-pipeline-pass.ts as cce:/internal/code-quality/cr.mjs.
19:34:14.037 debug: Resolve cc from file:///C:/ProgramData/cocos/editors/Creator/3.8.8/resources/resources/3d/engine/editor/assets/default_renderpipeline/builtin-pipeline-pass.ts as cce:/internal/x/cc.
19:34:14.037 debug: Resolve cc from file:///C:/ProgramData/cocos/editors/Creator/3.8.8/resources/resources/3d/engine/editor/assets/default_renderpipeline/builtin-pipeline-pass.ts as cce:/internal/x/cc.
19:34:14.037 debug: Resolve cc from file:///C:/ProgramData/cocos/editors/Creator/3.8.8/resources/resources/3d/engine/editor/assets/default_renderpipeline/builtin-pipeline-pass.ts as cce:/internal/x/cc.
19:34:14.038 debug: Resolve ./builtin-pipeline-settings from file:///C:/ProgramData/cocos/editors/Creator/3.8.8/resources/resources/3d/engine/editor/assets/default_renderpipeline/builtin-pipeline-pass.ts as file:///C:/ProgramData/cocos/editors/Creator/3.8.8/resources/resources/3d/engine/editor/assets/default_renderpipeline/builtin-pipeline-settings.ts.
19:34:14.038 debug: Resolve cc/env from file:///C:/ProgramData/cocos/editors/Creator/3.8.8/resources/resources/3d/engine/editor/assets/default_renderpipeline/builtin-pipeline-pass.ts as external dependency cc/env.
19:34:14.039 debug: Resolve cce:/internal/code-quality/cr.mjs from file:///C:/ProgramData/cocos/editors/Creator/3.8.8/resources/resources/3d/engine/editor/assets/default_renderpipeline/builtin-pipeline.ts as cce:/internal/code-quality/cr.mjs.
19:34:14.039 debug: Resolve cc from file:///C:/ProgramData/cocos/editors/Creator/3.8.8/resources/resources/3d/engine/editor/assets/default_renderpipeline/builtin-pipeline.ts as cce:/internal/x/cc.
19:34:14.039 debug: Resolve cc from file:///C:/ProgramData/cocos/editors/Creator/3.8.8/resources/resources/3d/engine/editor/assets/default_renderpipeline/builtin-pipeline.ts as cce:/internal/x/cc.
19:34:14.039 debug: Resolve cc from file:///C:/ProgramData/cocos/editors/Creator/3.8.8/resources/resources/3d/engine/editor/assets/default_renderpipeline/builtin-pipeline.ts as cce:/internal/x/cc.
19:34:14.039 debug: Resolve cc/env from file:///C:/ProgramData/cocos/editors/Creator/3.8.8/resources/resources/3d/engine/editor/assets/default_renderpipeline/builtin-pipeline.ts as external dependency cc/env.
19:34:14.040 debug: Resolve ./builtin-pipeline-types from file:///C:/ProgramData/cocos/editors/Creator/3.8.8/resources/resources/3d/engine/editor/assets/default_renderpipeline/builtin-pipeline.ts as file:///C:/ProgramData/cocos/editors/Creator/3.8.8/resources/resources/3d/engine/editor/assets/default_renderpipeline/builtin-pipeline-types.ts.
19:34:14.040 debug: Resolve cc from file:///C:/ProgramData/cocos/editors/Creator/3.8.8/resources/resources/3d/engine/editor/assets/tools/debug-view-runtime-control.ts as cce:/internal/x/cc.
19:34:14.040 debug: Resolve cc from file:///C:/ProgramData/cocos/editors/Creator/3.8.8/resources/resources/3d/engine/editor/assets/tools/debug-view-runtime-control.ts as cce:/internal/x/cc.
19:34:14.040 debug: Resolve cc from file:///C:/ProgramData/cocos/editors/Creator/3.8.8/resources/resources/3d/engine/editor/assets/tools/debug-view-runtime-control.ts as cce:/internal/x/cc.
19:34:14.040 debug: Resolve cce:/internal/code-quality/cr.mjs from file:///C:/coin-pusher/cocos/coin-pusher-cocos/assets/scripts/core/GameManager.ts as cce:/internal/code-quality/cr.mjs.
19:34:14.040 debug: Resolve cc from file:///C:/coin-pusher/cocos/coin-pusher-cocos/assets/scripts/core/GameManager.ts as cce:/internal/x/cc.
19:34:14.040 debug: Resolve cc from file:///C:/coin-pusher/cocos/coin-pusher-cocos/assets/scripts/core/GameManager.ts as cce:/internal/x/cc.
19:34:14.040 debug: Resolve cc from file:///C:/coin-pusher/cocos/coin-pusher-cocos/assets/scripts/core/GameManager.ts as cce:/internal/x/cc.
19:34:14.041 debug: Resolve ../gameplay/CoinSpawner from file:///C:/coin-pusher/cocos/coin-pusher-cocos/assets/scripts/core/GameManager.ts as file:///C:/coin-pusher/cocos/coin-pusher-cocos/assets/scripts/gameplay/CoinSpawner.ts.
19:34:14.042 debug: Resolve ../gameplay/ItemPrefabConfig from file:///C:/coin-pusher/cocos/coin-pusher-cocos/assets/scripts/core/GameManager.ts as file:///C:/coin-pusher/cocos/coin-pusher-cocos/assets/scripts/gameplay/ItemPrefabConfig.ts.
19:34:14.042 debug: Resolve cce:/internal/code-quality/cr.mjs from file:///C:/coin-pusher/cocos/coin-pusher-cocos/assets/scripts/gameplay/CoinSpawner.ts as cce:/internal/code-quality/cr.mjs.
19:34:14.042 debug: Resolve cc from file:///C:/coin-pusher/cocos/coin-pusher-cocos/assets/scripts/gameplay/CoinSpawner.ts as cce:/internal/x/cc.
19:34:14.042 debug: Resolve cc from file:///C:/coin-pusher/cocos/coin-pusher-cocos/assets/scripts/gameplay/CoinSpawner.ts as cce:/internal/x/cc.
19:34:14.042 debug: Resolve cc from file:///C:/coin-pusher/cocos/coin-pusher-cocos/assets/scripts/gameplay/CoinSpawner.ts as cce:/internal/x/cc.
19:34:14.043 debug: Resolve ./CoinBehaviour from file:///C:/coin-pusher/cocos/coin-pusher-cocos/assets/scripts/gameplay/CoinSpawner.ts as file:///C:/coin-pusher/cocos/coin-pusher-cocos/assets/scripts/gameplay/CoinBehaviour.ts.
19:34:14.043 debug: Resolve cce:/internal/code-quality/cr.mjs from file:///C:/coin-pusher/cocos/coin-pusher-cocos/assets/scripts/gameplay/CoinBehaviour.ts as cce:/internal/code-quality/cr.mjs.
19:34:14.043 debug: Resolve cc from file:///C:/coin-pusher/cocos/coin-pusher-cocos/assets/scripts/gameplay/CoinBehaviour.ts as cce:/internal/x/cc.
19:34:14.043 debug: Resolve cc from file:///C:/coin-pusher/cocos/coin-pusher-cocos/assets/scripts/gameplay/CoinBehaviour.ts as cce:/internal/x/cc.
19:34:14.043 debug: Resolve cc from file:///C:/coin-pusher/cocos/coin-pusher-cocos/assets/scripts/gameplay/CoinBehaviour.ts as cce:/internal/x/cc.
19:34:14.044 debug: Resolve ./ItemPrefabConfig from file:///C:/coin-pusher/cocos/coin-pusher-cocos/assets/scripts/gameplay/CoinBehaviour.ts as file:///C:/coin-pusher/cocos/coin-pusher-cocos/assets/scripts/gameplay/ItemPrefabConfig.ts.
19:34:14.044 debug: Resolve cc from file:///C:/coin-pusher/cocos/coin-pusher-cocos/assets/scripts/gameplay/ItemPrefabConfig.ts as cce:/internal/x/cc.
19:34:14.044 debug: Resolve cc from file:///C:/coin-pusher/cocos/coin-pusher-cocos/assets/scripts/gameplay/ItemPrefabConfig.ts as cce:/internal/x/cc.
19:34:14.044 debug: Resolve cc from file:///C:/coin-pusher/cocos/coin-pusher-cocos/assets/scripts/gameplay/ItemPrefabConfig.ts as cce:/internal/x/cc.
19:34:14.044 debug: Resolve cce:/internal/code-quality/cr.mjs from file:///C:/coin-pusher/cocos/coin-pusher-cocos/assets/scripts/gameplay/DropZone.ts as cce:/internal/code-quality/cr.mjs.
19:34:14.044 debug: Resolve cc from file:///C:/coin-pusher/cocos/coin-pusher-cocos/assets/scripts/gameplay/DropZone.ts as cce:/internal/x/cc.
19:34:14.044 debug: Resolve cc from file:///C:/coin-pusher/cocos/coin-pusher-cocos/assets/scripts/gameplay/DropZone.ts as cce:/internal/x/cc.
19:34:14.044 debug: Resolve cc from file:///C:/coin-pusher/cocos/coin-pusher-cocos/assets/scripts/gameplay/DropZone.ts as cce:/internal/x/cc.
19:34:14.045 debug: Resolve ../core/GameManager from file:///C:/coin-pusher/cocos/coin-pusher-cocos/assets/scripts/gameplay/DropZone.ts as file:///C:/coin-pusher/cocos/coin-pusher-cocos/assets/scripts/core/GameManager.ts.
19:34:14.045 debug: Resolve ./CoinBehaviour from file:///C:/coin-pusher/cocos/coin-pusher-cocos/assets/scripts/gameplay/DropZone.ts as file:///C:/coin-pusher/cocos/coin-pusher-cocos/assets/scripts/gameplay/CoinBehaviour.ts.
19:34:14.045 debug: Resolve cc from file:///C:/coin-pusher/cocos/coin-pusher-cocos/assets/scripts/gameplay/PusherController.ts as cce:/internal/x/cc.
19:34:14.045 debug: Resolve cc from file:///C:/coin-pusher/cocos/coin-pusher-cocos/assets/scripts/gameplay/PusherController.ts as cce:/internal/x/cc.
19:34:14.045 debug: Resolve cc from file:///C:/coin-pusher/cocos/coin-pusher-cocos/assets/scripts/gameplay/PusherController.ts as cce:/internal/x/cc.
19:34:14.046 debug: Resolve cce:/internal/code-quality/cr.mjs from file:///C:/coin-pusher/cocos/coin-pusher-cocos/assets/scripts/ui/SpawnButtonHold.ts as cce:/internal/code-quality/cr.mjs.
19:34:14.046 debug: Resolve cc from file:///C:/coin-pusher/cocos/coin-pusher-cocos/assets/scripts/ui/SpawnButtonHold.ts as cce:/internal/x/cc.
19:34:14.046 debug: Resolve cc from file:///C:/coin-pusher/cocos/coin-pusher-cocos/assets/scripts/ui/SpawnButtonHold.ts as cce:/internal/x/cc.
19:34:14.046 debug: Resolve cc from file:///C:/coin-pusher/cocos/coin-pusher-cocos/assets/scripts/ui/SpawnButtonHold.ts as cce:/internal/x/cc.
19:34:14.046 debug: Resolve ../core/GameManager from file:///C:/coin-pusher/cocos/coin-pusher-cocos/assets/scripts/ui/SpawnButtonHold.ts as file:///C:/coin-pusher/cocos/coin-pusher-cocos/assets/scripts/core/GameManager.ts.
19:34:14.063 debug: Target(editor) ends with cost 558.4543999999996ms.
19:34:14.063 debug: Target(preview) build started.
19:34:14.065 debug: Detected change: cce:/internal/x/cc. Last mtime: Thu Jan 01 1970 08:00:04 GMT+0800 (中国标准时间), Current mtime: Thu Jan 01 1970 08:00:05 GMT+0800 (中国标准时间)
19:34:14.066 debug: Inspect cce:/internal/x/cc
19:34:14.093 debug: transform url: 'cce:/internal/x/cc' costs: 27.50 ms
19:34:14.095 debug: Resolve cce:/internal/x/cc-fu/2d from cce:/internal/x/cc as external dependency cce:/internal/x/cc-fu/2d.
19:34:14.096 debug: Resolve cce:/internal/x/cc-fu/sorting from cce:/internal/x/cc as external dependency cce:/internal/x/cc-fu/sorting.
19:34:14.096 debug: Resolve cce:/internal/x/cc-fu/3d from cce:/internal/x/cc as external dependency cce:/internal/x/cc-fu/3d.
19:34:14.096 debug: Resolve cce:/internal/x/cc-fu/affine-transform from cce:/internal/x/cc as external dependency cce:/internal/x/cc-fu/affine-transform.
19:34:14.096 debug: Resolve cce:/internal/x/cc-fu/animation from cce:/internal/x/cc as external dependency cce:/internal/x/cc-fu/animation.
19:34:14.096 debug: Resolve cce:/internal/x/cc-fu/audio from cce:/internal/x/cc as external dependency cce:/internal/x/cc-fu/audio.
19:34:14.096 debug: Resolve cce:/internal/x/cc-fu/base from cce:/internal/x/cc as external dependency cce:/internal/x/cc-fu/base.
19:34:14.096 debug: Resolve cce:/internal/x/cc-fu/custom-pipeline from cce:/internal/x/cc as external dependency cce:/internal/x/cc-fu/custom-pipeline.
19:34:14.096 debug: Resolve cce:/internal/x/cc-fu/dragon-bones from cce:/internal/x/cc as external dependency cce:/internal/x/cc-fu/dragon-bones.
19:34:14.096 debug: Resolve cce:/internal/x/cc-fu/gfx-webgl from cce:/internal/x/cc as external dependency cce:/internal/x/cc-fu/gfx-webgl.
19:34:14.096 debug: Resolve cce:/internal/x/cc-fu/graphics from cce:/internal/x/cc as external dependency cce:/internal/x/cc-fu/graphics.
19:34:14.096 debug: Resolve cce:/internal/x/cc-fu/intersection-2d from cce:/internal/x/cc as external dependency cce:/internal/x/cc-fu/intersection-2d.
19:34:14.097 debug: Resolve cce:/internal/x/cc-fu/light-probe from cce:/internal/x/cc as external dependency cce:/internal/x/cc-fu/light-probe.
19:34:14.097 debug: Resolve cce:/internal/x/cc-fu/mask from cce:/internal/x/cc as external dependency cce:/internal/x/cc-fu/mask.
19:34:14.097 debug: Resolve cce:/internal/x/cc-fu/particle from cce:/internal/x/cc as external dependency cce:/internal/x/cc-fu/particle.
19:34:14.097 debug: Resolve cce:/internal/x/cc-fu/particle-2d from cce:/internal/x/cc as external dependency cce:/internal/x/cc-fu/particle-2d.
19:34:14.097 debug: Resolve cce:/internal/x/cc-fu/physics-2d-box2d from cce:/internal/x/cc as external dependency cce:/internal/x/cc-fu/physics-2d-box2d.
19:34:14.097 debug: Resolve cce:/internal/x/cc-fu/physics-2d-framework from cce:/internal/x/cc as external dependency cce:/internal/x/cc-fu/physics-2d-framework.
19:34:14.097 debug: Resolve cce:/internal/x/cc-fu/physics-ammo from cce:/internal/x/cc as external dependency cce:/internal/x/cc-fu/physics-ammo.
19:34:14.097 debug: Resolve cce:/internal/x/cc-fu/physics-framework from cce:/internal/x/cc as external dependency cce:/internal/x/cc-fu/physics-framework.
19:34:14.097 debug: Resolve cce:/internal/x/cc-fu/primitive from cce:/internal/x/cc as external dependency cce:/internal/x/cc-fu/primitive.
19:34:14.097 debug: Resolve cce:/internal/x/cc-fu/profiler from cce:/internal/x/cc as external dependency cce:/internal/x/cc-fu/profiler.
19:34:14.097 debug: Resolve cce:/internal/x/cc-fu/rich-text from cce:/internal/x/cc as external dependency cce:/internal/x/cc-fu/rich-text.
19:34:14.097 debug: Resolve cce:/internal/x/cc-fu/skeletal-animation from cce:/internal/x/cc as external dependency cce:/internal/x/cc-fu/skeletal-animation.
19:34:14.097 debug: Resolve cce:/internal/x/cc-fu/spine from cce:/internal/x/cc as external dependency cce:/internal/x/cc-fu/spine.
19:34:14.097 debug: Resolve cce:/internal/x/cc-fu/terrain from cce:/internal/x/cc as external dependency cce:/internal/x/cc-fu/terrain.
19:34:14.097 debug: Resolve cce:/internal/x/cc-fu/tiled-map from cce:/internal/x/cc as external dependency cce:/internal/x/cc-fu/tiled-map.
19:34:14.097 debug: Resolve cce:/internal/x/cc-fu/tween from cce:/internal/x/cc as external dependency cce:/internal/x/cc-fu/tween.
19:34:14.097 debug: Resolve cce:/internal/x/cc-fu/ui from cce:/internal/x/cc as external dependency cce:/internal/x/cc-fu/ui.
19:34:14.097 debug: Resolve cce:/internal/x/cc-fu/ui-skew from cce:/internal/x/cc as external dependency cce:/internal/x/cc-fu/ui-skew.
19:34:14.097 debug: Resolve cce:/internal/x/cc-fu/video from cce:/internal/x/cc as external dependency cce:/internal/x/cc-fu/video.
19:34:14.097 debug: Resolve cce:/internal/x/cc-fu/webview from cce:/internal/x/cc as external dependency cce:/internal/x/cc-fu/webview.
19:34:14.097 debug: Detected change: cce:/internal/x/prerequisite-imports. Last mtime: Thu Jan 01 1970 08:00:06 GMT+0800 (中国标准时间), Current mtime: Thu Jan 01 1970 08:00:05 GMT+0800 (中国标准时间)
19:34:14.097 debug: Inspect cce:/internal/x/prerequisite-imports
19:34:14.113 debug: transform url: 'cce:/internal/x/prerequisite-imports' costs: 15.60 ms
19:34:14.116 debug: Resolve file:///C:/ProgramData/cocos/editors/Creator/3.8.8/resources/resources/3d/engine/editor/assets/default_renderpipeline/builtin-dof-pass.ts from cce:/internal/x/prerequisite-imports as file:///C:/ProgramData/cocos/editors/Creator/3.8.8/resources/resources/3d/engine/editor/assets/default_renderpipeline/builtin-dof-pass.ts.
19:34:14.117 debug: Resolve file:///C:/ProgramData/cocos/editors/Creator/3.8.8/resources/resources/3d/engine/editor/assets/default_renderpipeline/builtin-pipeline-pass.ts from cce:/internal/x/prerequisite-imports as file:///C:/ProgramData/cocos/editors/Creator/3.8.8/resources/resources/3d/engine/editor/assets/default_renderpipeline/builtin-pipeline-pass.ts.
19:34:14.118 debug: Resolve file:///C:/ProgramData/cocos/editors/Creator/3.8.8/resources/resources/3d/engine/editor/assets/default_renderpipeline/builtin-pipeline-settings.ts from cce:/internal/x/prerequisite-imports as file:///C:/ProgramData/cocos/editors/Creator/3.8.8/resources/resources/3d/engine/editor/assets/default_renderpipeline/builtin-pipeline-settings.ts.
19:34:14.119 debug: Resolve file:///C:/ProgramData/cocos/editors/Creator/3.8.8/resources/resources/3d/engine/editor/assets/default_renderpipeline/builtin-pipeline-types.ts from cce:/internal/x/prerequisite-imports as file:///C:/ProgramData/cocos/editors/Creator/3.8.8/resources/resources/3d/engine/editor/assets/default_renderpipeline/builtin-pipeline-types.ts.
19:34:14.120 debug: Resolve file:///C:/ProgramData/cocos/editors/Creator/3.8.8/resources/resources/3d/engine/editor/assets/default_renderpipeline/builtin-pipeline.ts from cce:/internal/x/prerequisite-imports as file:///C:/ProgramData/cocos/editors/Creator/3.8.8/resources/resources/3d/engine/editor/assets/default_renderpipeline/builtin-pipeline.ts.
19:34:14.121 debug: Resolve file:///C:/ProgramData/cocos/editors/Creator/3.8.8/resources/resources/3d/engine/editor/assets/tools/debug-view-runtime-control.ts from cce:/internal/x/prerequisite-imports as file:///C:/ProgramData/cocos/editors/Creator/3.8.8/resources/resources/3d/engine/editor/assets/tools/debug-view-runtime-control.ts.
19:34:14.122 debug: Resolve file:///C:/coin-pusher/cocos/coin-pusher-cocos/assets/scripts/core/GameManager.ts from cce:/internal/x/prerequisite-imports as file:///C:/coin-pusher/cocos/coin-pusher-cocos/assets/scripts/core/GameManager.ts.
19:34:14.122 debug: Detected change: file:///C:/coin-pusher/cocos/coin-pusher-cocos/assets/scripts/core/GameManager.ts. Last mtime: Tue Apr 21 2026 17:26:39 GMT+0800 (中国标准时间)@6bf28501-5fb5-4b59-92ea-2a723c3f027e, Current mtime: Tue Apr 21 2026 18:43:28 GMT+0800 (中国标准时间)@6bf28501-5fb5-4b59-92ea-2a723c3f027e
19:34:14.122 debug: Inspect file:///C:/coin-pusher/cocos/coin-pusher-cocos/assets/scripts/core/GameManager.ts
19:34:14.311 debug: transform url: 'file:///C:/coin-pusher/cocos/coin-pusher-cocos/assets/scripts/core/GameManager.ts' costs: 188.90 ms
19:34:14.315 debug: Resolve file:///C:/coin-pusher/cocos/coin-pusher-cocos/assets/scripts/gameplay/CoinBehaviour.ts from cce:/internal/x/prerequisite-imports as file:///C:/coin-pusher/cocos/coin-pusher-cocos/assets/scripts/gameplay/CoinBehaviour.ts.
19:34:14.315 debug: Detected change: file:///C:/coin-pusher/cocos/coin-pusher-cocos/assets/scripts/gameplay/CoinBehaviour.ts. Last mtime: Tue Apr 21 2026 17:28:26 GMT+0800 (中国标准时间)@162c9ae4-7339-4033-8fd7-f5fe93695055, Current mtime: Tue Apr 21 2026 18:42:45 GMT+0800 (中国标准时间)@162c9ae4-7339-4033-8fd7-f5fe93695055
19:34:14.315 debug: Inspect file:///C:/coin-pusher/cocos/coin-pusher-cocos/assets/scripts/gameplay/CoinBehaviour.ts
19:34:14.381 debug: transform url: 'file:///C:/coin-pusher/cocos/coin-pusher-cocos/assets/scripts/gameplay/CoinBehaviour.ts' costs: 66.30 ms
19:34:14.384 debug: Resolve file:///C:/coin-pusher/cocos/coin-pusher-cocos/assets/scripts/gameplay/CoinSpawner.ts from cce:/internal/x/prerequisite-imports as file:///C:/coin-pusher/cocos/coin-pusher-cocos/assets/scripts/gameplay/CoinSpawner.ts.
19:34:14.384 debug: Detected change: file:///C:/coin-pusher/cocos/coin-pusher-cocos/assets/scripts/gameplay/CoinSpawner.ts. Last mtime: Tue Apr 21 2026 15:16:23 GMT+0800 (中国标准时间)@08942fc9-9f2e-4fe0-b2a7-7b42dce00ae9, Current mtime: Tue Apr 21 2026 18:42:45 GMT+0800 (中国标准时间)@08942fc9-9f2e-4fe0-b2a7-7b42dce00ae9
19:34:14.384 debug: Inspect file:///C:/coin-pusher/cocos/coin-pusher-cocos/assets/scripts/gameplay/CoinSpawner.ts
19:34:14.433 debug: transform url: 'file:///C:/coin-pusher/cocos/coin-pusher-cocos/assets/scripts/gameplay/CoinSpawner.ts' costs: 49.30 ms
19:34:14.436 debug: Resolve file:///C:/coin-pusher/cocos/coin-pusher-cocos/assets/scripts/gameplay/DropZone.ts from cce:/internal/x/prerequisite-imports as file:///C:/coin-pusher/cocos/coin-pusher-cocos/assets/scripts/gameplay/DropZone.ts.
19:34:14.436 debug: Resolve file:///C:/coin-pusher/cocos/coin-pusher-cocos/assets/scripts/gameplay/ItemPrefabConfig.ts from cce:/internal/x/prerequisite-imports as file:///C:/coin-pusher/cocos/coin-pusher-cocos/assets/scripts/gameplay/ItemPrefabConfig.ts.
19:34:14.437 debug: Detected change: file:///C:/coin-pusher/cocos/coin-pusher-cocos/assets/scripts/gameplay/ItemPrefabConfig.ts. Last mtime: Tue Apr 21 2026 17:26:28 GMT+0800 (中国标准时间)@540b4dc9-7880-47fe-960c-6d5e852f658b, Current mtime: Tue Apr 21 2026 18:42:45 GMT+0800 (中国标准时间)@540b4dc9-7880-47fe-960c-6d5e852f658b
19:34:14.437 debug: Inspect file:///C:/coin-pusher/cocos/coin-pusher-cocos/assets/scripts/gameplay/ItemPrefabConfig.ts
19:34:14.473 debug: transform url: 'file:///C:/coin-pusher/cocos/coin-pusher-cocos/assets/scripts/gameplay/ItemPrefabConfig.ts' costs: 35.90 ms
19:34:14.475 debug: Resolve file:///C:/coin-pusher/cocos/coin-pusher-cocos/assets/scripts/gameplay/PusherController.ts from cce:/internal/x/prerequisite-imports as file:///C:/coin-pusher/cocos/coin-pusher-cocos/assets/scripts/gameplay/PusherController.ts.
19:34:14.476 debug: Resolve file:///C:/coin-pusher/cocos/coin-pusher-cocos/assets/scripts/ui/SpawnButtonHold.ts from cce:/internal/x/prerequisite-imports as file:///C:/coin-pusher/cocos/coin-pusher-cocos/assets/scripts/ui/SpawnButtonHold.ts.
19:34:14.476 debug: Resolve cce:/internal/code-quality/cr.mjs from file:///C:/ProgramData/cocos/editors/Creator/3.8.8/resources/resources/3d/engine/editor/assets/default_renderpipeline/builtin-dof-pass.ts as cce:/internal/code-quality/cr.mjs.
19:34:14.476 debug: Detected change: cce:/internal/code-quality/cr.mjs. Last mtime: Tue Apr 21 2026 17:45:30 GMT+0800 (中国标准时间), Current mtime: Tue Apr 21 2026 19:34:08 GMT+0800 (中国标准时间)
19:34:14.476 debug: Inspect cce:/internal/code-quality/cr.mjs
19:34:14.489 debug: transform url: 'cce:/internal/code-quality/cr.mjs' costs: 13.10 ms
19:34:14.491 debug: Resolve cc from file:///C:/ProgramData/cocos/editors/Creator/3.8.8/resources/resources/3d/engine/editor/assets/default_renderpipeline/builtin-dof-pass.ts as cce:/internal/x/cc.
19:34:14.491 debug: Resolve cc from file:///C:/ProgramData/cocos/editors/Creator/3.8.8/resources/resources/3d/engine/editor/assets/default_renderpipeline/builtin-dof-pass.ts as cce:/internal/x/cc.
19:34:14.491 debug: Resolve cc from file:///C:/ProgramData/cocos/editors/Creator/3.8.8/resources/resources/3d/engine/editor/assets/default_renderpipeline/builtin-dof-pass.ts as cce:/internal/x/cc.
19:34:14.491 debug: Resolve cc/env from file:///C:/ProgramData/cocos/editors/Creator/3.8.8/resources/resources/3d/engine/editor/assets/default_renderpipeline/builtin-dof-pass.ts as external dependency cc/env.
19:34:14.493 debug: Resolve ./builtin-pipeline-settings from file:///C:/ProgramData/cocos/editors/Creator/3.8.8/resources/resources/3d/engine/editor/assets/default_renderpipeline/builtin-dof-pass.ts as file:///C:/ProgramData/cocos/editors/Creator/3.8.8/resources/resources/3d/engine/editor/assets/default_renderpipeline/builtin-pipeline-settings.ts.
19:34:14.494 debug: Resolve ./builtin-pipeline-pass from file:///C:/ProgramData/cocos/editors/Creator/3.8.8/resources/resources/3d/engine/editor/assets/default_renderpipeline/builtin-dof-pass.ts as file:///C:/ProgramData/cocos/editors/Creator/3.8.8/resources/resources/3d/engine/editor/assets/default_renderpipeline/builtin-pipeline-pass.ts.
19:34:14.495 debug: Resolve ./builtin-pipeline from file:///C:/ProgramData/cocos/editors/Creator/3.8.8/resources/resources/3d/engine/editor/assets/default_renderpipeline/builtin-dof-pass.ts as file:///C:/ProgramData/cocos/editors/Creator/3.8.8/resources/resources/3d/engine/editor/assets/default_renderpipeline/builtin-pipeline.ts.
19:34:14.495 debug: Resolve cce:/internal/code-quality/cr.mjs from file:///C:/ProgramData/cocos/editors/Creator/3.8.8/resources/resources/3d/engine/editor/assets/default_renderpipeline/builtin-pipeline-settings.ts as cce:/internal/code-quality/cr.mjs.
19:34:14.495 debug: Resolve cc from file:///C:/ProgramData/cocos/editors/Creator/3.8.8/resources/resources/3d/engine/editor/assets/default_renderpipeline/builtin-pipeline-settings.ts as cce:/internal/x/cc.
19:34:14.495 debug: Resolve cc from file:///C:/ProgramData/cocos/editors/Creator/3.8.8/resources/resources/3d/engine/editor/assets/default_renderpipeline/builtin-pipeline-settings.ts as cce:/internal/x/cc.
19:34:14.495 debug: Resolve cc from file:///C:/ProgramData/cocos/editors/Creator/3.8.8/resources/resources/3d/engine/editor/assets/default_renderpipeline/builtin-pipeline-settings.ts as cce:/internal/x/cc.
19:34:14.495 debug: Resolve cc/env from file:///C:/ProgramData/cocos/editors/Creator/3.8.8/resources/resources/3d/engine/editor/assets/default_renderpipeline/builtin-pipeline-settings.ts as external dependency cc/env.
19:34:14.496 debug: Resolve ./builtin-pipeline-types from file:///C:/ProgramData/cocos/editors/Creator/3.8.8/resources/resources/3d/engine/editor/assets/default_renderpipeline/builtin-pipeline-settings.ts as file:///C:/ProgramData/cocos/editors/Creator/3.8.8/resources/resources/3d/engine/editor/assets/default_renderpipeline/builtin-pipeline-types.ts.
19:34:14.496 debug: Resolve cc from file:///C:/ProgramData/cocos/editors/Creator/3.8.8/resources/resources/3d/engine/editor/assets/default_renderpipeline/builtin-pipeline-types.ts as cce:/internal/x/cc.
19:34:14.496 debug: Resolve cc from file:///C:/ProgramData/cocos/editors/Creator/3.8.8/resources/resources/3d/engine/editor/assets/default_renderpipeline/builtin-pipeline-types.ts as cce:/internal/x/cc.
19:34:14.496 debug: Resolve cc from file:///C:/ProgramData/cocos/editors/Creator/3.8.8/resources/resources/3d/engine/editor/assets/default_renderpipeline/builtin-pipeline-types.ts as cce:/internal/x/cc.
19:34:14.496 debug: Resolve cce:/internal/code-quality/cr.mjs from file:///C:/ProgramData/cocos/editors/Creator/3.8.8/resources/resources/3d/engine/editor/assets/default_renderpipeline/builtin-pipeline-pass.ts as cce:/internal/code-quality/cr.mjs.
19:34:14.497 debug: Resolve cc from file:///C:/ProgramData/cocos/editors/Creator/3.8.8/resources/resources/3d/engine/editor/assets/default_renderpipeline/builtin-pipeline-pass.ts as cce:/internal/x/cc.
19:34:14.497 debug: Resolve cc from file:///C:/ProgramData/cocos/editors/Creator/3.8.8/resources/resources/3d/engine/editor/assets/default_renderpipeline/builtin-pipeline-pass.ts as cce:/internal/x/cc.
19:34:14.498 debug: Resolve cc from file:///C:/ProgramData/cocos/editors/Creator/3.8.8/resources/resources/3d/engine/editor/assets/default_renderpipeline/builtin-pipeline-pass.ts as cce:/internal/x/cc.
19:34:14.499 debug: Resolve ./builtin-pipeline-settings from file:///C:/ProgramData/cocos/editors/Creator/3.8.8/resources/resources/3d/engine/editor/assets/default_renderpipeline/builtin-pipeline-pass.ts as file:///C:/ProgramData/cocos/editors/Creator/3.8.8/resources/resources/3d/engine/editor/assets/default_renderpipeline/builtin-pipeline-settings.ts.
19:34:14.499 debug: Resolve cc/env from file:///C:/ProgramData/cocos/editors/Creator/3.8.8/resources/resources/3d/engine/editor/assets/default_renderpipeline/builtin-pipeline-pass.ts as external dependency cc/env.
19:34:14.499 debug: Resolve cce:/internal/code-quality/cr.mjs from file:///C:/ProgramData/cocos/editors/Creator/3.8.8/resources/resources/3d/engine/editor/assets/default_renderpipeline/builtin-pipeline.ts as cce:/internal/code-quality/cr.mjs.
19:34:14.499 debug: Resolve cc from file:///C:/ProgramData/cocos/editors/Creator/3.8.8/resources/resources/3d/engine/editor/assets/default_renderpipeline/builtin-pipeline.ts as cce:/internal/x/cc.
19:34:14.499 debug: Resolve cc from file:///C:/ProgramData/cocos/editors/Creator/3.8.8/resources/resources/3d/engine/editor/assets/default_renderpipeline/builtin-pipeline.ts as cce:/internal/x/cc.
19:34:14.499 debug: Resolve cc from file:///C:/ProgramData/cocos/editors/Creator/3.8.8/resources/resources/3d/engine/editor/assets/default_renderpipeline/builtin-pipeline.ts as cce:/internal/x/cc.
19:34:14.499 debug: Resolve cc/env from file:///C:/ProgramData/cocos/editors/Creator/3.8.8/resources/resources/3d/engine/editor/assets/default_renderpipeline/builtin-pipeline.ts as external dependency cc/env.
19:34:14.500 debug: Resolve ./builtin-pipeline-types from file:///C:/ProgramData/cocos/editors/Creator/3.8.8/resources/resources/3d/engine/editor/assets/default_renderpipeline/builtin-pipeline.ts as file:///C:/ProgramData/cocos/editors/Creator/3.8.8/resources/resources/3d/engine/editor/assets/default_renderpipeline/builtin-pipeline-types.ts.
19:34:14.500 debug: Resolve cc from file:///C:/ProgramData/cocos/editors/Creator/3.8.8/resources/resources/3d/engine/editor/assets/tools/debug-view-runtime-control.ts as cce:/internal/x/cc.
19:34:14.501 debug: Resolve cc from file:///C:/ProgramData/cocos/editors/Creator/3.8.8/resources/resources/3d/engine/editor/assets/tools/debug-view-runtime-control.ts as cce:/internal/x/cc.
19:34:14.501 debug: Resolve cc from file:///C:/ProgramData/cocos/editors/Creator/3.8.8/resources/resources/3d/engine/editor/assets/tools/debug-view-runtime-control.ts as cce:/internal/x/cc.
19:34:14.501 debug: Resolve cce:/internal/code-quality/cr.mjs from file:///C:/coin-pusher/cocos/coin-pusher-cocos/assets/scripts/core/GameManager.ts as cce:/internal/code-quality/cr.mjs.
19:34:14.501 debug: Resolve cc from file:///C:/coin-pusher/cocos/coin-pusher-cocos/assets/scripts/core/GameManager.ts as cce:/internal/x/cc.
19:34:14.501 debug: Resolve cc from file:///C:/coin-pusher/cocos/coin-pusher-cocos/assets/scripts/core/GameManager.ts as cce:/internal/x/cc.
19:34:14.501 debug: Resolve cc from file:///C:/coin-pusher/cocos/coin-pusher-cocos/assets/scripts/core/GameManager.ts as cce:/internal/x/cc.
19:34:14.502 debug: Resolve ../gameplay/CoinSpawner from file:///C:/coin-pusher/cocos/coin-pusher-cocos/assets/scripts/core/GameManager.ts as file:///C:/coin-pusher/cocos/coin-pusher-cocos/assets/scripts/gameplay/CoinSpawner.ts.
19:34:14.503 debug: Resolve ../gameplay/ItemPrefabConfig from file:///C:/coin-pusher/cocos/coin-pusher-cocos/assets/scripts/core/GameManager.ts as file:///C:/coin-pusher/cocos/coin-pusher-cocos/assets/scripts/gameplay/ItemPrefabConfig.ts.
19:34:14.503 debug: Resolve cce:/internal/code-quality/cr.mjs from file:///C:/coin-pusher/cocos/coin-pusher-cocos/assets/scripts/gameplay/CoinSpawner.ts as cce:/internal/code-quality/cr.mjs.
19:34:14.503 debug: Resolve cc from file:///C:/coin-pusher/cocos/coin-pusher-cocos/assets/scripts/gameplay/CoinSpawner.ts as cce:/internal/x/cc.
19:34:14.503 debug: Resolve cc from file:///C:/coin-pusher/cocos/coin-pusher-cocos/assets/scripts/gameplay/CoinSpawner.ts as cce:/internal/x/cc.
19:34:14.503 debug: Resolve cc from file:///C:/coin-pusher/cocos/coin-pusher-cocos/assets/scripts/gameplay/CoinSpawner.ts as cce:/internal/x/cc.
19:34:14.504 debug: Resolve ./CoinBehaviour from file:///C:/coin-pusher/cocos/coin-pusher-cocos/assets/scripts/gameplay/CoinSpawner.ts as file:///C:/coin-pusher/cocos/coin-pusher-cocos/assets/scripts/gameplay/CoinBehaviour.ts.
19:34:14.504 debug: Resolve cce:/internal/code-quality/cr.mjs from file:///C:/coin-pusher/cocos/coin-pusher-cocos/assets/scripts/gameplay/CoinBehaviour.ts as cce:/internal/code-quality/cr.mjs.
19:34:14.504 debug: Resolve cc from file:///C:/coin-pusher/cocos/coin-pusher-cocos/assets/scripts/gameplay/CoinBehaviour.ts as cce:/internal/x/cc.
19:34:14.504 debug: Resolve cc from file:///C:/coin-pusher/cocos/coin-pusher-cocos/assets/scripts/gameplay/CoinBehaviour.ts as cce:/internal/x/cc.
19:34:14.504 debug: Resolve cc from file:///C:/coin-pusher/cocos/coin-pusher-cocos/assets/scripts/gameplay/CoinBehaviour.ts as cce:/internal/x/cc.
19:34:14.505 debug: Resolve ./ItemPrefabConfig from file:///C:/coin-pusher/cocos/coin-pusher-cocos/assets/scripts/gameplay/CoinBehaviour.ts as file:///C:/coin-pusher/cocos/coin-pusher-cocos/assets/scripts/gameplay/ItemPrefabConfig.ts.
19:34:14.505 debug: Resolve cc from file:///C:/coin-pusher/cocos/coin-pusher-cocos/assets/scripts/gameplay/ItemPrefabConfig.ts as cce:/internal/x/cc.
19:34:14.505 debug: Resolve cc from file:///C:/coin-pusher/cocos/coin-pusher-cocos/assets/scripts/gameplay/ItemPrefabConfig.ts as cce:/internal/x/cc.
19:34:14.505 debug: Resolve cc from file:///C:/coin-pusher/cocos/coin-pusher-cocos/assets/scripts/gameplay/ItemPrefabConfig.ts as cce:/internal/x/cc.
19:34:14.505 debug: Resolve cce:/internal/code-quality/cr.mjs from file:///C:/coin-pusher/cocos/coin-pusher-cocos/assets/scripts/gameplay/DropZone.ts as cce:/internal/code-quality/cr.mjs.
19:34:14.505 debug: Resolve cc from file:///C:/coin-pusher/cocos/coin-pusher-cocos/assets/scripts/gameplay/DropZone.ts as cce:/internal/x/cc.
19:34:14.505 debug: Resolve cc from file:///C:/coin-pusher/cocos/coin-pusher-cocos/assets/scripts/gameplay/DropZone.ts as cce:/internal/x/cc.
19:34:14.505 debug: Resolve cc from file:///C:/coin-pusher/cocos/coin-pusher-cocos/assets/scripts/gameplay/DropZone.ts as cce:/internal/x/cc.
19:34:14.506 debug: Resolve ../core/GameManager from file:///C:/coin-pusher/cocos/coin-pusher-cocos/assets/scripts/gameplay/DropZone.ts as file:///C:/coin-pusher/cocos/coin-pusher-cocos/assets/scripts/core/GameManager.ts.
19:34:14.506 debug: Resolve ./CoinBehaviour from file:///C:/coin-pusher/cocos/coin-pusher-cocos/assets/scripts/gameplay/DropZone.ts as file:///C:/coin-pusher/cocos/coin-pusher-cocos/assets/scripts/gameplay/CoinBehaviour.ts.
19:34:14.506 debug: Resolve cc from file:///C:/coin-pusher/cocos/coin-pusher-cocos/assets/scripts/gameplay/PusherController.ts as cce:/internal/x/cc.
19:34:14.506 debug: Resolve cc from file:///C:/coin-pusher/cocos/coin-pusher-cocos/assets/scripts/gameplay/PusherController.ts as cce:/internal/x/cc.
19:34:14.506 debug: Resolve cc from file:///C:/coin-pusher/cocos/coin-pusher-cocos/assets/scripts/gameplay/PusherController.ts as cce:/internal/x/cc.
19:34:14.507 debug: Resolve cce:/internal/code-quality/cr.mjs from file:///C:/coin-pusher/cocos/coin-pusher-cocos/assets/scripts/ui/SpawnButtonHold.ts as cce:/internal/code-quality/cr.mjs.
19:34:14.507 debug: Resolve cc from file:///C:/coin-pusher/cocos/coin-pusher-cocos/assets/scripts/ui/SpawnButtonHold.ts as cce:/internal/x/cc.
19:34:14.507 debug: Resolve cc from file:///C:/coin-pusher/cocos/coin-pusher-cocos/assets/scripts/ui/SpawnButtonHold.ts as cce:/internal/x/cc.
19:34:14.507 debug: Resolve cc from file:///C:/coin-pusher/cocos/coin-pusher-cocos/assets/scripts/ui/SpawnButtonHold.ts as cce:/internal/x/cc.
19:34:14.507 debug: Resolve ../core/GameManager from file:///C:/coin-pusher/cocos/coin-pusher-cocos/assets/scripts/ui/SpawnButtonHold.ts as file:///C:/coin-pusher/cocos/coin-pusher-cocos/assets/scripts/core/GameManager.ts.
19:34:14.535 debug: Target(preview) ends with cost 472.08190000000013ms.
19:34:15.525 debug: Pulling asset-db.
19:34:15.766 debug: Fetch asset-db cost: 240.7458999999999ms.
19:34:15.768 debug: Build iteration starts.
Number of accumulated asset changes: 13
Feature changed: false
19:34:15.768 debug: Target(editor) build started.
19:34:15.770 debug: Detected change: cce:/internal/x/prerequisite-imports. Last mtime: Thu Jan 01 1970 08:00:05 GMT+0800 (中国标准时间), Current mtime: Thu Jan 01 1970 08:00:07 GMT+0800 (中国标准时间)
19:34:15.770 debug: Inspect cce:/internal/x/prerequisite-imports
19:34:15.789 debug: transform url: 'cce:/internal/x/prerequisite-imports' costs: 18.80 ms
19:34:15.792 debug: Resolve file:///C:/ProgramData/cocos/editors/Creator/3.8.8/resources/resources/3d/engine/editor/assets/default_renderpipeline/builtin-dof-pass.ts from cce:/internal/x/prerequisite-imports as file:///C:/ProgramData/cocos/editors/Creator/3.8.8/resources/resources/3d/engine/editor/assets/default_renderpipeline/builtin-dof-pass.ts.
19:34:15.793 debug: Resolve file:///C:/ProgramData/cocos/editors/Creator/3.8.8/resources/resources/3d/engine/editor/assets/default_renderpipeline/builtin-pipeline-pass.ts from cce:/internal/x/prerequisite-imports as file:///C:/ProgramData/cocos/editors/Creator/3.8.8/resources/resources/3d/engine/editor/assets/default_renderpipeline/builtin-pipeline-pass.ts.
19:34:15.794 debug: Resolve file:///C:/ProgramData/cocos/editors/Creator/3.8.8/resources/resources/3d/engine/editor/assets/default_renderpipeline/builtin-pipeline-settings.ts from cce:/internal/x/prerequisite-imports as file:///C:/ProgramData/cocos/editors/Creator/3.8.8/resources/resources/3d/engine/editor/assets/default_renderpipeline/builtin-pipeline-settings.ts.
19:34:15.794 debug: Resolve file:///C:/ProgramData/cocos/editors/Creator/3.8.8/resources/resources/3d/engine/editor/assets/default_renderpipeline/builtin-pipeline-types.ts from cce:/internal/x/prerequisite-imports as file:///C:/ProgramData/cocos/editors/Creator/3.8.8/resources/resources/3d/engine/editor/assets/default_renderpipeline/builtin-pipeline-types.ts.
19:34:15.796 debug: Resolve file:///C:/ProgramData/cocos/editors/Creator/3.8.8/resources/resources/3d/engine/editor/assets/default_renderpipeline/builtin-pipeline.ts from cce:/internal/x/prerequisite-imports as file:///C:/ProgramData/cocos/editors/Creator/3.8.8/resources/resources/3d/engine/editor/assets/default_renderpipeline/builtin-pipeline.ts.
19:34:15.797 debug: Resolve file:///C:/ProgramData/cocos/editors/Creator/3.8.8/resources/resources/3d/engine/editor/assets/tools/debug-view-runtime-control.ts from cce:/internal/x/prerequisite-imports as file:///C:/ProgramData/cocos/editors/Creator/3.8.8/resources/resources/3d/engine/editor/assets/tools/debug-view-runtime-control.ts.
19:34:15.797 debug: Resolve file:///C:/coin-pusher/cocos/coin-pusher-cocos/assets/scripts/core/GameManager.ts from cce:/internal/x/prerequisite-imports as file:///C:/coin-pusher/cocos/coin-pusher-cocos/assets/scripts/core/GameManager.ts.
19:34:15.798 debug: Resolve file:///C:/coin-pusher/cocos/coin-pusher-cocos/assets/scripts/gameplay/CoinBehaviour.ts from cce:/internal/x/prerequisite-imports as file:///C:/coin-pusher/cocos/coin-pusher-cocos/assets/scripts/gameplay/CoinBehaviour.ts.
19:34:15.799 debug: Resolve file:///C:/coin-pusher/cocos/coin-pusher-cocos/assets/scripts/gameplay/CoinSpawner.ts from cce:/internal/x/prerequisite-imports as file:///C:/coin-pusher/cocos/coin-pusher-cocos/assets/scripts/gameplay/CoinSpawner.ts.
19:34:15.799 debug: Resolve file:///C:/coin-pusher/cocos/coin-pusher-cocos/assets/scripts/gameplay/DropZone.ts from cce:/internal/x/prerequisite-imports as file:///C:/coin-pusher/cocos/coin-pusher-cocos/assets/scripts/gameplay/DropZone.ts.
19:34:15.800 debug: Resolve file:///C:/coin-pusher/cocos/coin-pusher-cocos/assets/scripts/gameplay/ItemPrefabConfig.ts from cce:/internal/x/prerequisite-imports as file:///C:/coin-pusher/cocos/coin-pusher-cocos/assets/scripts/gameplay/ItemPrefabConfig.ts.
19:34:15.800 debug: Resolve file:///C:/coin-pusher/cocos/coin-pusher-cocos/assets/scripts/gameplay/PusherController.ts from cce:/internal/x/prerequisite-imports as file:///C:/coin-pusher/cocos/coin-pusher-cocos/assets/scripts/gameplay/PusherController.ts.
19:34:15.801 debug: Resolve file:///C:/coin-pusher/cocos/coin-pusher-cocos/assets/scripts/ui/SpawnButtonHold.ts from cce:/internal/x/prerequisite-imports as file:///C:/coin-pusher/cocos/coin-pusher-cocos/assets/scripts/ui/SpawnButtonHold.ts.
19:34:15.818 debug: Target(editor) ends with cost 49.79060000000027ms.
19:34:15.818 debug: Target(preview) build started.
19:34:15.820 debug: Detected change: cce:/internal/x/prerequisite-imports. Last mtime: Thu Jan 01 1970 08:00:05 GMT+0800 (中国标准时间), Current mtime: Thu Jan 01 1970 08:00:07 GMT+0800 (中国标准时间)
19:34:15.820 debug: Inspect cce:/internal/x/prerequisite-imports
19:34:15.834 debug: transform url: 'cce:/internal/x/prerequisite-imports' costs: 14.40 ms
19:34:15.837 debug: Resolve file:///C:/ProgramData/cocos/editors/Creator/3.8.8/resources/resources/3d/engine/editor/assets/default_renderpipeline/builtin-dof-pass.ts from cce:/internal/x/prerequisite-imports as file:///C:/ProgramData/cocos/editors/Creator/3.8.8/resources/resources/3d/engine/editor/assets/default_renderpipeline/builtin-dof-pass.ts.
19:34:15.838 debug: Resolve file:///C:/ProgramData/cocos/editors/Creator/3.8.8/resources/resources/3d/engine/editor/assets/default_renderpipeline/builtin-pipeline-pass.ts from cce:/internal/x/prerequisite-imports as file:///C:/ProgramData/cocos/editors/Creator/3.8.8/resources/resources/3d/engine/editor/assets/default_renderpipeline/builtin-pipeline-pass.ts.
19:34:15.839 debug: Resolve file:///C:/ProgramData/cocos/editors/Creator/3.8.8/resources/resources/3d/engine/editor/assets/default_renderpipeline/builtin-pipeline-settings.ts from cce:/internal/x/prerequisite-imports as file:///C:/ProgramData/cocos/editors/Creator/3.8.8/resources/resources/3d/engine/editor/assets/default_renderpipeline/builtin-pipeline-settings.ts.
19:34:15.840 debug: Resolve file:///C:/ProgramData/cocos/editors/Creator/3.8.8/resources/resources/3d/engine/editor/assets/default_renderpipeline/builtin-pipeline-types.ts from cce:/internal/x/prerequisite-imports as file:///C:/ProgramData/cocos/editors/Creator/3.8.8/resources/resources/3d/engine/editor/assets/default_renderpipeline/builtin-pipeline-types.ts.
19:34:15.841 debug: Resolve file:///C:/ProgramData/cocos/editors/Creator/3.8.8/resources/resources/3d/engine/editor/assets/default_renderpipeline/builtin-pipeline.ts from cce:/internal/x/prerequisite-imports as file:///C:/ProgramData/cocos/editors/Creator/3.8.8/resources/resources/3d/engine/editor/assets/default_renderpipeline/builtin-pipeline.ts.
19:34:15.842 debug: Resolve file:///C:/ProgramData/cocos/editors/Creator/3.8.8/resources/resources/3d/engine/editor/assets/tools/debug-view-runtime-control.ts from cce:/internal/x/prerequisite-imports as file:///C:/ProgramData/cocos/editors/Creator/3.8.8/resources/resources/3d/engine/editor/assets/tools/debug-view-runtime-control.ts.
19:34:15.843 debug: Resolve file:///C:/coin-pusher/cocos/coin-pusher-cocos/assets/scripts/core/GameManager.ts from cce:/internal/x/prerequisite-imports as file:///C:/coin-pusher/cocos/coin-pusher-cocos/assets/scripts/core/GameManager.ts.
19:34:15.845 debug: Resolve file:///C:/coin-pusher/cocos/coin-pusher-cocos/assets/scripts/gameplay/CoinBehaviour.ts from cce:/internal/x/prerequisite-imports as file:///C:/coin-pusher/cocos/coin-pusher-cocos/assets/scripts/gameplay/CoinBehaviour.ts.
19:34:15.846 debug: Resolve file:///C:/coin-pusher/cocos/coin-pusher-cocos/assets/scripts/gameplay/CoinSpawner.ts from cce:/internal/x/prerequisite-imports as file:///C:/coin-pusher/cocos/coin-pusher-cocos/assets/scripts/gameplay/CoinSpawner.ts.
19:34:15.847 debug: Resolve file:///C:/coin-pusher/cocos/coin-pusher-cocos/assets/scripts/gameplay/DropZone.ts from cce:/internal/x/prerequisite-imports as file:///C:/coin-pusher/cocos/coin-pusher-cocos/assets/scripts/gameplay/DropZone.ts.
19:34:15.848 debug: Resolve file:///C:/coin-pusher/cocos/coin-pusher-cocos/assets/scripts/gameplay/ItemPrefabConfig.ts from cce:/internal/x/prerequisite-imports as file:///C:/coin-pusher/cocos/coin-pusher-cocos/assets/scripts/gameplay/ItemPrefabConfig.ts.
19:34:15.848 debug: Resolve file:///C:/coin-pusher/cocos/coin-pusher-cocos/assets/scripts/gameplay/PusherController.ts from cce:/internal/x/prerequisite-imports as file:///C:/coin-pusher/cocos/coin-pusher-cocos/assets/scripts/gameplay/PusherController.ts.
19:34:15.849 debug: Resolve file:///C:/coin-pusher/cocos/coin-pusher-cocos/assets/scripts/ui/SpawnButtonHold.ts from cce:/internal/x/prerequisite-imports as file:///C:/coin-pusher/cocos/coin-pusher-cocos/assets/scripts/ui/SpawnButtonHold.ts.
19:34:15.866 debug: Target(preview) ends with cost 48.130699999999706ms.
20:47:44.939 debug: Dispatch build request for time accumulated 1 asset changes.
20:47:44.941 debug: Build iteration starts.
Number of accumulated asset changes: 1
Feature changed: false
20:47:44.941 debug: Target(editor) build started.
20:47:44.944 debug: Detected change: cce:/internal/x/prerequisite-imports. Last mtime: Thu Jan 01 1970 08:00:07 GMT+0800 (中国标准时间), Current mtime: Thu Jan 01 1970 09:13:36 GMT+0800 (中国标准时间)
20:47:44.944 debug: Inspect cce:/internal/x/prerequisite-imports
20:47:44.969 debug: transform url: 'cce:/internal/x/prerequisite-imports' costs: 25.30 ms
20:47:44.973 debug: Resolve file:///C:/ProgramData/cocos/editors/Creator/3.8.8/resources/resources/3d/engine/editor/assets/default_renderpipeline/builtin-dof-pass.ts from cce:/internal/x/prerequisite-imports as file:///C:/ProgramData/cocos/editors/Creator/3.8.8/resources/resources/3d/engine/editor/assets/default_renderpipeline/builtin-dof-pass.ts.
20:47:44.975 debug: Resolve file:///C:/ProgramData/cocos/editors/Creator/3.8.8/resources/resources/3d/engine/editor/assets/default_renderpipeline/builtin-pipeline-pass.ts from cce:/internal/x/prerequisite-imports as file:///C:/ProgramData/cocos/editors/Creator/3.8.8/resources/resources/3d/engine/editor/assets/default_renderpipeline/builtin-pipeline-pass.ts.
20:47:44.976 debug: Resolve file:///C:/ProgramData/cocos/editors/Creator/3.8.8/resources/resources/3d/engine/editor/assets/default_renderpipeline/builtin-pipeline-settings.ts from cce:/internal/x/prerequisite-imports as file:///C:/ProgramData/cocos/editors/Creator/3.8.8/resources/resources/3d/engine/editor/assets/default_renderpipeline/builtin-pipeline-settings.ts.
20:47:44.977 debug: Resolve file:///C:/ProgramData/cocos/editors/Creator/3.8.8/resources/resources/3d/engine/editor/assets/default_renderpipeline/builtin-pipeline-types.ts from cce:/internal/x/prerequisite-imports as file:///C:/ProgramData/cocos/editors/Creator/3.8.8/resources/resources/3d/engine/editor/assets/default_renderpipeline/builtin-pipeline-types.ts.
20:47:44.978 debug: Resolve file:///C:/ProgramData/cocos/editors/Creator/3.8.8/resources/resources/3d/engine/editor/assets/default_renderpipeline/builtin-pipeline.ts from cce:/internal/x/prerequisite-imports as file:///C:/ProgramData/cocos/editors/Creator/3.8.8/resources/resources/3d/engine/editor/assets/default_renderpipeline/builtin-pipeline.ts.
20:47:44.979 debug: Resolve file:///C:/ProgramData/cocos/editors/Creator/3.8.8/resources/resources/3d/engine/editor/assets/tools/debug-view-runtime-control.ts from cce:/internal/x/prerequisite-imports as file:///C:/ProgramData/cocos/editors/Creator/3.8.8/resources/resources/3d/engine/editor/assets/tools/debug-view-runtime-control.ts.
20:47:44.980 debug: Resolve file:///C:/coin-pusher/cocos/coin-pusher-cocos/assets/scripts/core/GameManager.ts from cce:/internal/x/prerequisite-imports as file:///C:/coin-pusher/cocos/coin-pusher-cocos/assets/scripts/core/GameManager.ts.
20:47:44.980 debug: Resolve file:///C:/coin-pusher/cocos/coin-pusher-cocos/assets/scripts/gameplay/CoinBehaviour.ts from cce:/internal/x/prerequisite-imports as file:///C:/coin-pusher/cocos/coin-pusher-cocos/assets/scripts/gameplay/CoinBehaviour.ts.
20:47:44.981 debug: Resolve file:///C:/coin-pusher/cocos/coin-pusher-cocos/assets/scripts/gameplay/CoinSpawner.ts from cce:/internal/x/prerequisite-imports as file:///C:/coin-pusher/cocos/coin-pusher-cocos/assets/scripts/gameplay/CoinSpawner.ts.
20:47:44.982 debug: Resolve file:///C:/coin-pusher/cocos/coin-pusher-cocos/assets/scripts/gameplay/DropZone.ts from cce:/internal/x/prerequisite-imports as file:///C:/coin-pusher/cocos/coin-pusher-cocos/assets/scripts/gameplay/DropZone.ts.
20:47:44.983 debug: Resolve file:///C:/coin-pusher/cocos/coin-pusher-cocos/assets/scripts/gameplay/ItemPrefabConfig.ts from cce:/internal/x/prerequisite-imports as file:///C:/coin-pusher/cocos/coin-pusher-cocos/assets/scripts/gameplay/ItemPrefabConfig.ts.
20:47:44.983 debug: Resolve file:///C:/coin-pusher/cocos/coin-pusher-cocos/assets/scripts/gameplay/PusherController.ts from cce:/internal/x/prerequisite-imports as file:///C:/coin-pusher/cocos/coin-pusher-cocos/assets/scripts/gameplay/PusherController.ts.
20:47:44.983 debug: Detected change: file:///C:/coin-pusher/cocos/coin-pusher-cocos/assets/scripts/gameplay/PusherController.ts. Last mtime: Sun Apr 19 2026 02:30:28 GMT+0800 (中国标准时间)@db135a83-3f79-4dfd-9412-36a413283365, Current mtime: Tue Apr 21 2026 20:47:03 GMT+0800 (中国标准时间)@db135a83-3f79-4dfd-9412-36a413283365
20:47:44.983 debug: Inspect file:///C:/coin-pusher/cocos/coin-pusher-cocos/assets/scripts/gameplay/PusherController.ts
20:47:45.051 debug: transform url: 'file:///C:/coin-pusher/cocos/coin-pusher-cocos/assets/scripts/gameplay/PusherController.ts' costs: 67.70 ms
20:47:45.064 debug: Resolve file:///C:/coin-pusher/cocos/coin-pusher-cocos/assets/scripts/ui/SpawnButtonHold.ts from cce:/internal/x/prerequisite-imports as file:///C:/coin-pusher/cocos/coin-pusher-cocos/assets/scripts/ui/SpawnButtonHold.ts.
20:47:45.065 debug: Resolve cc from file:///C:/coin-pusher/cocos/coin-pusher-cocos/assets/scripts/gameplay/PusherController.ts as cce:/internal/x/cc.
20:47:45.065 debug: Resolve cc from file:///C:/coin-pusher/cocos/coin-pusher-cocos/assets/scripts/gameplay/PusherController.ts as cce:/internal/x/cc.
20:47:45.065 debug: Resolve cc from file:///C:/coin-pusher/cocos/coin-pusher-cocos/assets/scripts/gameplay/PusherController.ts as cce:/internal/x/cc.
20:47:45.080 debug: Target(editor) ends with cost 138.88549999985844ms.
20:47:45.080 debug: Target(preview) build started.
20:47:45.083 debug: Detected change: cce:/internal/x/prerequisite-imports. Last mtime: Thu Jan 01 1970 08:00:07 GMT+0800 (中国标准时间), Current mtime: Thu Jan 01 1970 09:13:36 GMT+0800 (中国标准时间)
20:47:45.083 debug: Inspect cce:/internal/x/prerequisite-imports
20:47:45.107 debug: transform url: 'cce:/internal/x/prerequisite-imports' costs: 24.00 ms
20:47:45.110 debug: Resolve file:///C:/ProgramData/cocos/editors/Creator/3.8.8/resources/resources/3d/engine/editor/assets/default_renderpipeline/builtin-dof-pass.ts from cce:/internal/x/prerequisite-imports as file:///C:/ProgramData/cocos/editors/Creator/3.8.8/resources/resources/3d/engine/editor/assets/default_renderpipeline/builtin-dof-pass.ts.
20:47:45.111 debug: Resolve file:///C:/ProgramData/cocos/editors/Creator/3.8.8/resources/resources/3d/engine/editor/assets/default_renderpipeline/builtin-pipeline-pass.ts from cce:/internal/x/prerequisite-imports as file:///C:/ProgramData/cocos/editors/Creator/3.8.8/resources/resources/3d/engine/editor/assets/default_renderpipeline/builtin-pipeline-pass.ts.
20:47:45.112 debug: Resolve file:///C:/ProgramData/cocos/editors/Creator/3.8.8/resources/resources/3d/engine/editor/assets/default_renderpipeline/builtin-pipeline-settings.ts from cce:/internal/x/prerequisite-imports as file:///C:/ProgramData/cocos/editors/Creator/3.8.8/resources/resources/3d/engine/editor/assets/default_renderpipeline/builtin-pipeline-settings.ts.
20:47:45.113 debug: Resolve file:///C:/ProgramData/cocos/editors/Creator/3.8.8/resources/resources/3d/engine/editor/assets/default_renderpipeline/builtin-pipeline-types.ts from cce:/internal/x/prerequisite-imports as file:///C:/ProgramData/cocos/editors/Creator/3.8.8/resources/resources/3d/engine/editor/assets/default_renderpipeline/builtin-pipeline-types.ts.
20:47:45.114 debug: Resolve file:///C:/ProgramData/cocos/editors/Creator/3.8.8/resources/resources/3d/engine/editor/assets/default_renderpipeline/builtin-pipeline.ts from cce:/internal/x/prerequisite-imports as file:///C:/ProgramData/cocos/editors/Creator/3.8.8/resources/resources/3d/engine/editor/assets/default_renderpipeline/builtin-pipeline.ts.
20:47:45.115 debug: Resolve file:///C:/ProgramData/cocos/editors/Creator/3.8.8/resources/resources/3d/engine/editor/assets/tools/debug-view-runtime-control.ts from cce:/internal/x/prerequisite-imports as file:///C:/ProgramData/cocos/editors/Creator/3.8.8/resources/resources/3d/engine/editor/assets/tools/debug-view-runtime-control.ts.
20:47:45.115 debug: Resolve file:///C:/coin-pusher/cocos/coin-pusher-cocos/assets/scripts/core/GameManager.ts from cce:/internal/x/prerequisite-imports as file:///C:/coin-pusher/cocos/coin-pusher-cocos/assets/scripts/core/GameManager.ts.
20:47:45.116 debug: Resolve file:///C:/coin-pusher/cocos/coin-pusher-cocos/assets/scripts/gameplay/CoinBehaviour.ts from cce:/internal/x/prerequisite-imports as file:///C:/coin-pusher/cocos/coin-pusher-cocos/assets/scripts/gameplay/CoinBehaviour.ts.
20:47:45.117 debug: Resolve file:///C:/coin-pusher/cocos/coin-pusher-cocos/assets/scripts/gameplay/CoinSpawner.ts from cce:/internal/x/prerequisite-imports as file:///C:/coin-pusher/cocos/coin-pusher-cocos/assets/scripts/gameplay/CoinSpawner.ts.
20:47:45.117 debug: Resolve file:///C:/coin-pusher/cocos/coin-pusher-cocos/assets/scripts/gameplay/DropZone.ts from cce:/internal/x/prerequisite-imports as file:///C:/coin-pusher/cocos/coin-pusher-cocos/assets/scripts/gameplay/DropZone.ts.
20:47:45.118 debug: Resolve file:///C:/coin-pusher/cocos/coin-pusher-cocos/assets/scripts/gameplay/ItemPrefabConfig.ts from cce:/internal/x/prerequisite-imports as file:///C:/coin-pusher/cocos/coin-pusher-cocos/assets/scripts/gameplay/ItemPrefabConfig.ts.
20:47:45.118 debug: Resolve file:///C:/coin-pusher/cocos/coin-pusher-cocos/assets/scripts/gameplay/PusherController.ts from cce:/internal/x/prerequisite-imports as file:///C:/coin-pusher/cocos/coin-pusher-cocos/assets/scripts/gameplay/PusherController.ts.
20:47:45.118 debug: Detected change: file:///C:/coin-pusher/cocos/coin-pusher-cocos/assets/scripts/gameplay/PusherController.ts. Last mtime: Sun Apr 19 2026 02:30:28 GMT+0800 (中国标准时间)@db135a83-3f79-4dfd-9412-36a413283365, Current mtime: Tue Apr 21 2026 20:47:03 GMT+0800 (中国标准时间)@db135a83-3f79-4dfd-9412-36a413283365
20:47:45.118 debug: Inspect file:///C:/coin-pusher/cocos/coin-pusher-cocos/assets/scripts/gameplay/PusherController.ts
20:47:45.166 debug: transform url: 'file:///C:/coin-pusher/cocos/coin-pusher-cocos/assets/scripts/gameplay/PusherController.ts' costs: 47.10 ms
20:47:45.168 debug: Resolve file:///C:/coin-pusher/cocos/coin-pusher-cocos/assets/scripts/ui/SpawnButtonHold.ts from cce:/internal/x/prerequisite-imports as file:///C:/coin-pusher/cocos/coin-pusher-cocos/assets/scripts/ui/SpawnButtonHold.ts.
20:47:45.168 debug: Resolve cc from file:///C:/coin-pusher/cocos/coin-pusher-cocos/assets/scripts/gameplay/PusherController.ts as cce:/internal/x/cc.
20:47:45.168 debug: Resolve cc from file:///C:/coin-pusher/cocos/coin-pusher-cocos/assets/scripts/gameplay/PusherController.ts as cce:/internal/x/cc.
20:47:45.168 debug: Resolve cc from file:///C:/coin-pusher/cocos/coin-pusher-cocos/assets/scripts/gameplay/PusherController.ts as cce:/internal/x/cc.
20:47:45.183 debug: Target(preview) ends with cost 102.53159999940544ms.
21:26:40.073 debug: Dispatch build request for time accumulated 2 asset changes.
21:26:40.074 debug: Build iteration starts.
Number of accumulated asset changes: 2
Feature changed: false
21:26:40.074 debug: Target(editor) build started.
21:26:40.076 debug: Detected change: cce:/internal/x/prerequisite-imports. Last mtime: Thu Jan 01 1970 09:13:36 GMT+0800 (中国标准时间), Current mtime: Thu Jan 01 1970 09:52:58 GMT+0800 (中国标准时间)
21:26:40.076 debug: Inspect cce:/internal/x/prerequisite-imports
21:26:40.088 debug: transform url: 'cce:/internal/x/prerequisite-imports' costs: 12.20 ms
21:26:40.091 debug: Resolve file:///C:/ProgramData/cocos/editors/Creator/3.8.8/resources/resources/3d/engine/editor/assets/default_renderpipeline/builtin-dof-pass.ts from cce:/internal/x/prerequisite-imports as file:///C:/ProgramData/cocos/editors/Creator/3.8.8/resources/resources/3d/engine/editor/assets/default_renderpipeline/builtin-dof-pass.ts.
21:26:40.092 debug: Resolve file:///C:/ProgramData/cocos/editors/Creator/3.8.8/resources/resources/3d/engine/editor/assets/default_renderpipeline/builtin-pipeline-pass.ts from cce:/internal/x/prerequisite-imports as file:///C:/ProgramData/cocos/editors/Creator/3.8.8/resources/resources/3d/engine/editor/assets/default_renderpipeline/builtin-pipeline-pass.ts.
21:26:40.093 debug: Resolve file:///C:/ProgramData/cocos/editors/Creator/3.8.8/resources/resources/3d/engine/editor/assets/default_renderpipeline/builtin-pipeline-settings.ts from cce:/internal/x/prerequisite-imports as file:///C:/ProgramData/cocos/editors/Creator/3.8.8/resources/resources/3d/engine/editor/assets/default_renderpipeline/builtin-pipeline-settings.ts.
21:26:40.094 debug: Resolve file:///C:/ProgramData/cocos/editors/Creator/3.8.8/resources/resources/3d/engine/editor/assets/default_renderpipeline/builtin-pipeline-types.ts from cce:/internal/x/prerequisite-imports as file:///C:/ProgramData/cocos/editors/Creator/3.8.8/resources/resources/3d/engine/editor/assets/default_renderpipeline/builtin-pipeline-types.ts.
21:26:40.095 debug: Resolve file:///C:/ProgramData/cocos/editors/Creator/3.8.8/resources/resources/3d/engine/editor/assets/default_renderpipeline/builtin-pipeline.ts from cce:/internal/x/prerequisite-imports as file:///C:/ProgramData/cocos/editors/Creator/3.8.8/resources/resources/3d/engine/editor/assets/default_renderpipeline/builtin-pipeline.ts.
21:26:40.096 debug: Resolve file:///C:/ProgramData/cocos/editors/Creator/3.8.8/resources/resources/3d/engine/editor/assets/tools/debug-view-runtime-control.ts from cce:/internal/x/prerequisite-imports as file:///C:/ProgramData/cocos/editors/Creator/3.8.8/resources/resources/3d/engine/editor/assets/tools/debug-view-runtime-control.ts.
21:26:40.097 debug: Resolve file:///C:/coin-pusher/cocos/coin-pusher-cocos/assets/scripts/core/GameManager.ts from cce:/internal/x/prerequisite-imports as file:///C:/coin-pusher/cocos/coin-pusher-cocos/assets/scripts/core/GameManager.ts.
21:26:40.097 debug: Detected change: file:///C:/coin-pusher/cocos/coin-pusher-cocos/assets/scripts/core/GameManager.ts. Last mtime: Tue Apr 21 2026 18:43:28 GMT+0800 (中国标准时间)@6bf28501-5fb5-4b59-92ea-2a723c3f027e, Current mtime: Tue Apr 21 2026 21:17:05 GMT+0800 (中国标准时间)@6bf28501-5fb5-4b59-92ea-2a723c3f027e
21:26:40.097 debug: Inspect file:///C:/coin-pusher/cocos/coin-pusher-cocos/assets/scripts/core/GameManager.ts
21:26:40.261 debug: transform url: 'file:///C:/coin-pusher/cocos/coin-pusher-cocos/assets/scripts/core/GameManager.ts' costs: 163.30 ms
21:26:40.264 debug: Resolve file:///C:/coin-pusher/cocos/coin-pusher-cocos/assets/scripts/gameplay/CoinBehaviour.ts from cce:/internal/x/prerequisite-imports as file:///C:/coin-pusher/cocos/coin-pusher-cocos/assets/scripts/gameplay/CoinBehaviour.ts.
21:26:40.264 debug: Resolve file:///C:/coin-pusher/cocos/coin-pusher-cocos/assets/scripts/gameplay/CoinSpawner.ts from cce:/internal/x/prerequisite-imports as file:///C:/coin-pusher/cocos/coin-pusher-cocos/assets/scripts/gameplay/CoinSpawner.ts.
21:26:40.265 debug: Detected change: file:///C:/coin-pusher/cocos/coin-pusher-cocos/assets/scripts/gameplay/CoinSpawner.ts. Last mtime: Tue Apr 21 2026 18:42:45 GMT+0800 (中国标准时间)@08942fc9-9f2e-4fe0-b2a7-7b42dce00ae9, Current mtime: Tue Apr 21 2026 21:17:39 GMT+0800 (中国标准时间)@08942fc9-9f2e-4fe0-b2a7-7b42dce00ae9
21:26:40.265 debug: Inspect file:///C:/coin-pusher/cocos/coin-pusher-cocos/assets/scripts/gameplay/CoinSpawner.ts
21:26:40.348 debug: transform url: 'file:///C:/coin-pusher/cocos/coin-pusher-cocos/assets/scripts/gameplay/CoinSpawner.ts' costs: 82.90 ms
21:26:40.351 debug: Resolve file:///C:/coin-pusher/cocos/coin-pusher-cocos/assets/scripts/gameplay/DropZone.ts from cce:/internal/x/prerequisite-imports as file:///C:/coin-pusher/cocos/coin-pusher-cocos/assets/scripts/gameplay/DropZone.ts.
21:26:40.352 debug: Resolve file:///C:/coin-pusher/cocos/coin-pusher-cocos/assets/scripts/gameplay/ItemPrefabConfig.ts from cce:/internal/x/prerequisite-imports as file:///C:/coin-pusher/cocos/coin-pusher-cocos/assets/scripts/gameplay/ItemPrefabConfig.ts.
21:26:40.352 debug: Resolve file:///C:/coin-pusher/cocos/coin-pusher-cocos/assets/scripts/gameplay/PusherController.ts from cce:/internal/x/prerequisite-imports as file:///C:/coin-pusher/cocos/coin-pusher-cocos/assets/scripts/gameplay/PusherController.ts.
21:26:40.353 debug: Resolve file:///C:/coin-pusher/cocos/coin-pusher-cocos/assets/scripts/ui/SpawnButtonHold.ts from cce:/internal/x/prerequisite-imports as file:///C:/coin-pusher/cocos/coin-pusher-cocos/assets/scripts/ui/SpawnButtonHold.ts.
21:26:40.353 debug: Resolve cce:/internal/code-quality/cr.mjs from file:///C:/coin-pusher/cocos/coin-pusher-cocos/assets/scripts/core/GameManager.ts as cce:/internal/code-quality/cr.mjs.
21:26:40.353 debug: Resolve cc from file:///C:/coin-pusher/cocos/coin-pusher-cocos/assets/scripts/core/GameManager.ts as cce:/internal/x/cc.
21:26:40.353 debug: Resolve cc from file:///C:/coin-pusher/cocos/coin-pusher-cocos/assets/scripts/core/GameManager.ts as cce:/internal/x/cc.
21:26:40.354 debug: Resolve cc from file:///C:/coin-pusher/cocos/coin-pusher-cocos/assets/scripts/core/GameManager.ts as cce:/internal/x/cc.
21:26:40.354 debug: Resolve ../gameplay/CoinSpawner from file:///C:/coin-pusher/cocos/coin-pusher-cocos/assets/scripts/core/GameManager.ts as file:///C:/coin-pusher/cocos/coin-pusher-cocos/assets/scripts/gameplay/CoinSpawner.ts.
21:26:40.355 debug: Resolve ../gameplay/ItemPrefabConfig from file:///C:/coin-pusher/cocos/coin-pusher-cocos/assets/scripts/core/GameManager.ts as file:///C:/coin-pusher/cocos/coin-pusher-cocos/assets/scripts/gameplay/ItemPrefabConfig.ts.
21:26:40.355 debug: Resolve cce:/internal/code-quality/cr.mjs from file:///C:/coin-pusher/cocos/coin-pusher-cocos/assets/scripts/gameplay/CoinSpawner.ts as cce:/internal/code-quality/cr.mjs.
21:26:40.355 debug: Resolve cc from file:///C:/coin-pusher/cocos/coin-pusher-cocos/assets/scripts/gameplay/CoinSpawner.ts as cce:/internal/x/cc.
21:26:40.355 debug: Resolve cc from file:///C:/coin-pusher/cocos/coin-pusher-cocos/assets/scripts/gameplay/CoinSpawner.ts as cce:/internal/x/cc.
21:26:40.355 debug: Resolve cc from file:///C:/coin-pusher/cocos/coin-pusher-cocos/assets/scripts/gameplay/CoinSpawner.ts as cce:/internal/x/cc.
21:26:40.356 debug: Resolve ./CoinBehaviour from file:///C:/coin-pusher/cocos/coin-pusher-cocos/assets/scripts/gameplay/CoinSpawner.ts as file:///C:/coin-pusher/cocos/coin-pusher-cocos/assets/scripts/gameplay/CoinBehaviour.ts.
21:26:40.393 debug: Target(editor) ends with cost 319.0120000001043ms.
21:26:40.394 debug: Target(preview) build started.
21:26:40.396 debug: Detected change: cce:/internal/x/prerequisite-imports. Last mtime: Thu Jan 01 1970 09:13:36 GMT+0800 (中国标准时间), Current mtime: Thu Jan 01 1970 09:52:58 GMT+0800 (中国标准时间)
21:26:40.396 debug: Inspect cce:/internal/x/prerequisite-imports
21:26:40.411 debug: transform url: 'cce:/internal/x/prerequisite-imports' costs: 14.70 ms
21:26:40.413 debug: Resolve file:///C:/ProgramData/cocos/editors/Creator/3.8.8/resources/resources/3d/engine/editor/assets/default_renderpipeline/builtin-dof-pass.ts from cce:/internal/x/prerequisite-imports as file:///C:/ProgramData/cocos/editors/Creator/3.8.8/resources/resources/3d/engine/editor/assets/default_renderpipeline/builtin-dof-pass.ts.
21:26:40.414 debug: Resolve file:///C:/ProgramData/cocos/editors/Creator/3.8.8/resources/resources/3d/engine/editor/assets/default_renderpipeline/builtin-pipeline-pass.ts from cce:/internal/x/prerequisite-imports as file:///C:/ProgramData/cocos/editors/Creator/3.8.8/resources/resources/3d/engine/editor/assets/default_renderpipeline/builtin-pipeline-pass.ts.
21:26:40.415 debug: Resolve file:///C:/ProgramData/cocos/editors/Creator/3.8.8/resources/resources/3d/engine/editor/assets/default_renderpipeline/builtin-pipeline-settings.ts from cce:/internal/x/prerequisite-imports as file:///C:/ProgramData/cocos/editors/Creator/3.8.8/resources/resources/3d/engine/editor/assets/default_renderpipeline/builtin-pipeline-settings.ts.
21:26:40.416 debug: Resolve file:///C:/ProgramData/cocos/editors/Creator/3.8.8/resources/resources/3d/engine/editor/assets/default_renderpipeline/builtin-pipeline-types.ts from cce:/internal/x/prerequisite-imports as file:///C:/ProgramData/cocos/editors/Creator/3.8.8/resources/resources/3d/engine/editor/assets/default_renderpipeline/builtin-pipeline-types.ts.
21:26:40.417 debug: Resolve file:///C:/ProgramData/cocos/editors/Creator/3.8.8/resources/resources/3d/engine/editor/assets/default_renderpipeline/builtin-pipeline.ts from cce:/internal/x/prerequisite-imports as file:///C:/ProgramData/cocos/editors/Creator/3.8.8/resources/resources/3d/engine/editor/assets/default_renderpipeline/builtin-pipeline.ts.
21:26:40.418 debug: Resolve file:///C:/ProgramData/cocos/editors/Creator/3.8.8/resources/resources/3d/engine/editor/assets/tools/debug-view-runtime-control.ts from cce:/internal/x/prerequisite-imports as file:///C:/ProgramData/cocos/editors/Creator/3.8.8/resources/resources/3d/engine/editor/assets/tools/debug-view-runtime-control.ts.
21:26:40.418 debug: Resolve file:///C:/coin-pusher/cocos/coin-pusher-cocos/assets/scripts/core/GameManager.ts from cce:/internal/x/prerequisite-imports as file:///C:/coin-pusher/cocos/coin-pusher-cocos/assets/scripts/core/GameManager.ts.
21:26:40.418 debug: Detected change: file:///C:/coin-pusher/cocos/coin-pusher-cocos/assets/scripts/core/GameManager.ts. Last mtime: Tue Apr 21 2026 18:43:28 GMT+0800 (中国标准时间)@6bf28501-5fb5-4b59-92ea-2a723c3f027e, Current mtime: Tue Apr 21 2026 21:17:05 GMT+0800 (中国标准时间)@6bf28501-5fb5-4b59-92ea-2a723c3f027e
21:26:40.419 debug: Inspect file:///C:/coin-pusher/cocos/coin-pusher-cocos/assets/scripts/core/GameManager.ts
21:26:40.581 debug: transform url: 'file:///C:/coin-pusher/cocos/coin-pusher-cocos/assets/scripts/core/GameManager.ts' costs: 162.70 ms
21:26:40.584 debug: Resolve file:///C:/coin-pusher/cocos/coin-pusher-cocos/assets/scripts/gameplay/CoinBehaviour.ts from cce:/internal/x/prerequisite-imports as file:///C:/coin-pusher/cocos/coin-pusher-cocos/assets/scripts/gameplay/CoinBehaviour.ts.
21:26:40.585 debug: Resolve file:///C:/coin-pusher/cocos/coin-pusher-cocos/assets/scripts/gameplay/CoinSpawner.ts from cce:/internal/x/prerequisite-imports as file:///C:/coin-pusher/cocos/coin-pusher-cocos/assets/scripts/gameplay/CoinSpawner.ts.
21:26:40.585 debug: Detected change: file:///C:/coin-pusher/cocos/coin-pusher-cocos/assets/scripts/gameplay/CoinSpawner.ts. Last mtime: Tue Apr 21 2026 18:42:45 GMT+0800 (中国标准时间)@08942fc9-9f2e-4fe0-b2a7-7b42dce00ae9, Current mtime: Tue Apr 21 2026 21:17:39 GMT+0800 (中国标准时间)@08942fc9-9f2e-4fe0-b2a7-7b42dce00ae9
21:26:40.585 debug: Inspect file:///C:/coin-pusher/cocos/coin-pusher-cocos/assets/scripts/gameplay/CoinSpawner.ts
21:26:40.645 debug: transform url: 'file:///C:/coin-pusher/cocos/coin-pusher-cocos/assets/scripts/gameplay/CoinSpawner.ts' costs: 59.40 ms
21:26:40.648 debug: Resolve file:///C:/coin-pusher/cocos/coin-pusher-cocos/assets/scripts/gameplay/DropZone.ts from cce:/internal/x/prerequisite-imports as file:///C:/coin-pusher/cocos/coin-pusher-cocos/assets/scripts/gameplay/DropZone.ts.
21:26:40.648 debug: Resolve file:///C:/coin-pusher/cocos/coin-pusher-cocos/assets/scripts/gameplay/ItemPrefabConfig.ts from cce:/internal/x/prerequisite-imports as file:///C:/coin-pusher/cocos/coin-pusher-cocos/assets/scripts/gameplay/ItemPrefabConfig.ts.
21:26:40.649 debug: Resolve file:///C:/coin-pusher/cocos/coin-pusher-cocos/assets/scripts/gameplay/PusherController.ts from cce:/internal/x/prerequisite-imports as file:///C:/coin-pusher/cocos/coin-pusher-cocos/assets/scripts/gameplay/PusherController.ts.
21:26:40.649 debug: Resolve file:///C:/coin-pusher/cocos/coin-pusher-cocos/assets/scripts/ui/SpawnButtonHold.ts from cce:/internal/x/prerequisite-imports as file:///C:/coin-pusher/cocos/coin-pusher-cocos/assets/scripts/ui/SpawnButtonHold.ts.
21:26:40.650 debug: Resolve cce:/internal/code-quality/cr.mjs from file:///C:/coin-pusher/cocos/coin-pusher-cocos/assets/scripts/core/GameManager.ts as cce:/internal/code-quality/cr.mjs.
21:26:40.650 debug: Resolve cc from file:///C:/coin-pusher/cocos/coin-pusher-cocos/assets/scripts/core/GameManager.ts as cce:/internal/x/cc.
21:26:40.650 debug: Resolve cc from file:///C:/coin-pusher/cocos/coin-pusher-cocos/assets/scripts/core/GameManager.ts as cce:/internal/x/cc.
21:26:40.650 debug: Resolve cc from file:///C:/coin-pusher/cocos/coin-pusher-cocos/assets/scripts/core/GameManager.ts as cce:/internal/x/cc.
21:26:40.651 debug: Resolve ../gameplay/CoinSpawner from file:///C:/coin-pusher/cocos/coin-pusher-cocos/assets/scripts/core/GameManager.ts as file:///C:/coin-pusher/cocos/coin-pusher-cocos/assets/scripts/gameplay/CoinSpawner.ts.
21:26:40.652 debug: Resolve ../gameplay/ItemPrefabConfig from file:///C:/coin-pusher/cocos/coin-pusher-cocos/assets/scripts/core/GameManager.ts as file:///C:/coin-pusher/cocos/coin-pusher-cocos/assets/scripts/gameplay/ItemPrefabConfig.ts.
21:26:40.652 debug: Resolve cce:/internal/code-quality/cr.mjs from file:///C:/coin-pusher/cocos/coin-pusher-cocos/assets/scripts/gameplay/CoinSpawner.ts as cce:/internal/code-quality/cr.mjs.
21:26:40.652 debug: Resolve cc from file:///C:/coin-pusher/cocos/coin-pusher-cocos/assets/scripts/gameplay/CoinSpawner.ts as cce:/internal/x/cc.
21:26:40.652 debug: Resolve cc from file:///C:/coin-pusher/cocos/coin-pusher-cocos/assets/scripts/gameplay/CoinSpawner.ts as cce:/internal/x/cc.
21:26:40.652 debug: Resolve cc from file:///C:/coin-pusher/cocos/coin-pusher-cocos/assets/scripts/gameplay/CoinSpawner.ts as cce:/internal/x/cc.
21:26:40.653 debug: Resolve ./CoinBehaviour from file:///C:/coin-pusher/cocos/coin-pusher-cocos/assets/scripts/gameplay/CoinSpawner.ts as file:///C:/coin-pusher/cocos/coin-pusher-cocos/assets/scripts/gameplay/CoinBehaviour.ts.
21:26:40.667 debug: Target(preview) ends with cost 273.44419999979436ms.
21:48:35.440 debug: Dispatch build request for time accumulated 2 asset changes.
21:48:35.441 debug: Build iteration starts.
Number of accumulated asset changes: 2
Feature changed: false
21:48:35.441 debug: Target(editor) build started.
21:48:35.444 debug: Detected change: cce:/internal/x/prerequisite-imports. Last mtime: Thu Jan 01 1970 09:52:58 GMT+0800 (中国标准时间), Current mtime: Thu Jan 01 1970 10:14:53 GMT+0800 (中国标准时间)
21:48:35.444 debug: Inspect cce:/internal/x/prerequisite-imports
21:48:35.459 debug: transform url: 'cce:/internal/x/prerequisite-imports' costs: 14.50 ms
21:48:35.462 debug: Resolve file:///C:/ProgramData/cocos/editors/Creator/3.8.8/resources/resources/3d/engine/editor/assets/default_renderpipeline/builtin-dof-pass.ts from cce:/internal/x/prerequisite-imports as file:///C:/ProgramData/cocos/editors/Creator/3.8.8/resources/resources/3d/engine/editor/assets/default_renderpipeline/builtin-dof-pass.ts.
21:48:35.462 debug: Resolve file:///C:/ProgramData/cocos/editors/Creator/3.8.8/resources/resources/3d/engine/editor/assets/default_renderpipeline/builtin-pipeline-pass.ts from cce:/internal/x/prerequisite-imports as file:///C:/ProgramData/cocos/editors/Creator/3.8.8/resources/resources/3d/engine/editor/assets/default_renderpipeline/builtin-pipeline-pass.ts.
21:48:35.463 debug: Resolve file:///C:/ProgramData/cocos/editors/Creator/3.8.8/resources/resources/3d/engine/editor/assets/default_renderpipeline/builtin-pipeline-settings.ts from cce:/internal/x/prerequisite-imports as file:///C:/ProgramData/cocos/editors/Creator/3.8.8/resources/resources/3d/engine/editor/assets/default_renderpipeline/builtin-pipeline-settings.ts.
21:48:35.466 debug: Resolve file:///C:/ProgramData/cocos/editors/Creator/3.8.8/resources/resources/3d/engine/editor/assets/default_renderpipeline/builtin-pipeline-types.ts from cce:/internal/x/prerequisite-imports as file:///C:/ProgramData/cocos/editors/Creator/3.8.8/resources/resources/3d/engine/editor/assets/default_renderpipeline/builtin-pipeline-types.ts.
21:48:35.468 debug: Resolve file:///C:/ProgramData/cocos/editors/Creator/3.8.8/resources/resources/3d/engine/editor/assets/default_renderpipeline/builtin-pipeline.ts from cce:/internal/x/prerequisite-imports as file:///C:/ProgramData/cocos/editors/Creator/3.8.8/resources/resources/3d/engine/editor/assets/default_renderpipeline/builtin-pipeline.ts.
21:48:35.469 debug: Resolve file:///C:/ProgramData/cocos/editors/Creator/3.8.8/resources/resources/3d/engine/editor/assets/tools/debug-view-runtime-control.ts from cce:/internal/x/prerequisite-imports as file:///C:/ProgramData/cocos/editors/Creator/3.8.8/resources/resources/3d/engine/editor/assets/tools/debug-view-runtime-control.ts.
21:48:35.469 debug: Resolve file:///C:/coin-pusher/cocos/coin-pusher-cocos/assets/scripts/core/GameManager.ts from cce:/internal/x/prerequisite-imports as file:///C:/coin-pusher/cocos/coin-pusher-cocos/assets/scripts/core/GameManager.ts.
21:48:35.469 debug: Detected change: file:///C:/coin-pusher/cocos/coin-pusher-cocos/assets/scripts/core/GameManager.ts. Last mtime: Tue Apr 21 2026 21:17:05 GMT+0800 (中国标准时间)@6bf28501-5fb5-4b59-92ea-2a723c3f027e, Current mtime: Tue Apr 21 2026 21:38:23 GMT+0800 (中国标准时间)@6bf28501-5fb5-4b59-92ea-2a723c3f027e
21:48:35.469 debug: Inspect file:///C:/coin-pusher/cocos/coin-pusher-cocos/assets/scripts/core/GameManager.ts
21:48:35.614 debug: transform url: 'file:///C:/coin-pusher/cocos/coin-pusher-cocos/assets/scripts/core/GameManager.ts' costs: 144.00 ms
21:48:35.616 debug: Resolve file:///C:/coin-pusher/cocos/coin-pusher-cocos/assets/scripts/gameplay/CoinBehaviour.ts from cce:/internal/x/prerequisite-imports as file:///C:/coin-pusher/cocos/coin-pusher-cocos/assets/scripts/gameplay/CoinBehaviour.ts.
21:48:35.617 debug: Resolve file:///C:/coin-pusher/cocos/coin-pusher-cocos/assets/scripts/gameplay/CoinSpawner.ts from cce:/internal/x/prerequisite-imports as file:///C:/coin-pusher/cocos/coin-pusher-cocos/assets/scripts/gameplay/CoinSpawner.ts.
21:48:35.618 debug: Resolve file:///C:/coin-pusher/cocos/coin-pusher-cocos/assets/scripts/gameplay/DropZone.ts from cce:/internal/x/prerequisite-imports as file:///C:/coin-pusher/cocos/coin-pusher-cocos/assets/scripts/gameplay/DropZone.ts.
21:48:35.619 debug: Resolve file:///C:/coin-pusher/cocos/coin-pusher-cocos/assets/scripts/gameplay/ItemPrefabConfig.ts from cce:/internal/x/prerequisite-imports as file:///C:/coin-pusher/cocos/coin-pusher-cocos/assets/scripts/gameplay/ItemPrefabConfig.ts.
21:48:35.619 debug: Detected change: file:///C:/coin-pusher/cocos/coin-pusher-cocos/assets/scripts/gameplay/ItemPrefabConfig.ts. Last mtime: Tue Apr 21 2026 18:42:45 GMT+0800 (中国标准时间)@540b4dc9-7880-47fe-960c-6d5e852f658b, Current mtime: Tue Apr 21 2026 21:35:52 GMT+0800 (中国标准时间)@540b4dc9-7880-47fe-960c-6d5e852f658b
21:48:35.619 debug: Inspect file:///C:/coin-pusher/cocos/coin-pusher-cocos/assets/scripts/gameplay/ItemPrefabConfig.ts
21:48:35.652 debug: transform url: 'file:///C:/coin-pusher/cocos/coin-pusher-cocos/assets/scripts/gameplay/ItemPrefabConfig.ts' costs: 33.10 ms
21:48:35.656 debug: Resolve file:///C:/coin-pusher/cocos/coin-pusher-cocos/assets/scripts/gameplay/PusherController.ts from cce:/internal/x/prerequisite-imports as file:///C:/coin-pusher/cocos/coin-pusher-cocos/assets/scripts/gameplay/PusherController.ts.
21:48:35.657 debug: Resolve file:///C:/coin-pusher/cocos/coin-pusher-cocos/assets/scripts/ui/SpawnButtonHold.ts from cce:/internal/x/prerequisite-imports as file:///C:/coin-pusher/cocos/coin-pusher-cocos/assets/scripts/ui/SpawnButtonHold.ts.
21:48:35.658 debug: Resolve cce:/internal/code-quality/cr.mjs from file:///C:/coin-pusher/cocos/coin-pusher-cocos/assets/scripts/core/GameManager.ts as cce:/internal/code-quality/cr.mjs.
21:48:35.658 debug: Resolve cc from file:///C:/coin-pusher/cocos/coin-pusher-cocos/assets/scripts/core/GameManager.ts as cce:/internal/x/cc.
21:48:35.658 debug: Resolve cc from file:///C:/coin-pusher/cocos/coin-pusher-cocos/assets/scripts/core/GameManager.ts as cce:/internal/x/cc.
21:48:35.658 debug: Resolve cc from file:///C:/coin-pusher/cocos/coin-pusher-cocos/assets/scripts/core/GameManager.ts as cce:/internal/x/cc.
21:48:35.659 debug: Resolve ../gameplay/CoinSpawner from file:///C:/coin-pusher/cocos/coin-pusher-cocos/assets/scripts/core/GameManager.ts as file:///C:/coin-pusher/cocos/coin-pusher-cocos/assets/scripts/gameplay/CoinSpawner.ts.
21:48:35.660 debug: Resolve ../gameplay/ItemPrefabConfig from file:///C:/coin-pusher/cocos/coin-pusher-cocos/assets/scripts/core/GameManager.ts as file:///C:/coin-pusher/cocos/coin-pusher-cocos/assets/scripts/gameplay/ItemPrefabConfig.ts.
21:48:35.660 debug: Resolve cc from file:///C:/coin-pusher/cocos/coin-pusher-cocos/assets/scripts/gameplay/ItemPrefabConfig.ts as cce:/internal/x/cc.
21:48:35.660 debug: Resolve cc from file:///C:/coin-pusher/cocos/coin-pusher-cocos/assets/scripts/gameplay/ItemPrefabConfig.ts as cce:/internal/x/cc.
21:48:35.660 debug: Resolve cc from file:///C:/coin-pusher/cocos/coin-pusher-cocos/assets/scripts/gameplay/ItemPrefabConfig.ts as cce:/internal/x/cc.
21:48:35.691 debug: Target(editor) ends with cost 249.67819999996573ms.
21:48:35.691 debug: Target(preview) build started.
21:48:35.694 debug: Detected change: cce:/internal/x/prerequisite-imports. Last mtime: Thu Jan 01 1970 09:52:58 GMT+0800 (中国标准时间), Current mtime: Thu Jan 01 1970 10:14:53 GMT+0800 (中国标准时间)
21:48:35.695 debug: Inspect cce:/internal/x/prerequisite-imports
21:48:35.713 debug: transform url: 'cce:/internal/x/prerequisite-imports' costs: 18.60 ms
21:48:35.716 debug: Resolve file:///C:/ProgramData/cocos/editors/Creator/3.8.8/resources/resources/3d/engine/editor/assets/default_renderpipeline/builtin-dof-pass.ts from cce:/internal/x/prerequisite-imports as file:///C:/ProgramData/cocos/editors/Creator/3.8.8/resources/resources/3d/engine/editor/assets/default_renderpipeline/builtin-dof-pass.ts.
21:48:35.718 debug: Resolve file:///C:/ProgramData/cocos/editors/Creator/3.8.8/resources/resources/3d/engine/editor/assets/default_renderpipeline/builtin-pipeline-pass.ts from cce:/internal/x/prerequisite-imports as file:///C:/ProgramData/cocos/editors/Creator/3.8.8/resources/resources/3d/engine/editor/assets/default_renderpipeline/builtin-pipeline-pass.ts.
21:48:35.719 debug: Resolve file:///C:/ProgramData/cocos/editors/Creator/3.8.8/resources/resources/3d/engine/editor/assets/default_renderpipeline/builtin-pipeline-settings.ts from cce:/internal/x/prerequisite-imports as file:///C:/ProgramData/cocos/editors/Creator/3.8.8/resources/resources/3d/engine/editor/assets/default_renderpipeline/builtin-pipeline-settings.ts.
21:48:35.721 debug: Resolve file:///C:/ProgramData/cocos/editors/Creator/3.8.8/resources/resources/3d/engine/editor/assets/default_renderpipeline/builtin-pipeline-types.ts from cce:/internal/x/prerequisite-imports as file:///C:/ProgramData/cocos/editors/Creator/3.8.8/resources/resources/3d/engine/editor/assets/default_renderpipeline/builtin-pipeline-types.ts.
21:48:35.722 debug: Resolve file:///C:/ProgramData/cocos/editors/Creator/3.8.8/resources/resources/3d/engine/editor/assets/default_renderpipeline/builtin-pipeline.ts from cce:/internal/x/prerequisite-imports as file:///C:/ProgramData/cocos/editors/Creator/3.8.8/resources/resources/3d/engine/editor/assets/default_renderpipeline/builtin-pipeline.ts.
21:48:35.723 debug: Resolve file:///C:/ProgramData/cocos/editors/Creator/3.8.8/resources/resources/3d/engine/editor/assets/tools/debug-view-runtime-control.ts from cce:/internal/x/prerequisite-imports as file:///C:/ProgramData/cocos/editors/Creator/3.8.8/resources/resources/3d/engine/editor/assets/tools/debug-view-runtime-control.ts.
21:48:35.724 debug: Resolve file:///C:/coin-pusher/cocos/coin-pusher-cocos/assets/scripts/core/GameManager.ts from cce:/internal/x/prerequisite-imports as file:///C:/coin-pusher/cocos/coin-pusher-cocos/assets/scripts/core/GameManager.ts.
21:48:35.725 debug: Detected change: file:///C:/coin-pusher/cocos/coin-pusher-cocos/assets/scripts/core/GameManager.ts. Last mtime: Tue Apr 21 2026 21:17:05 GMT+0800 (中国标准时间)@6bf28501-5fb5-4b59-92ea-2a723c3f027e, Current mtime: Tue Apr 21 2026 21:38:23 GMT+0800 (中国标准时间)@6bf28501-5fb5-4b59-92ea-2a723c3f027e
21:48:35.725 debug: Inspect file:///C:/coin-pusher/cocos/coin-pusher-cocos/assets/scripts/core/GameManager.ts
21:48:35.901 debug: transform url: 'file:///C:/coin-pusher/cocos/coin-pusher-cocos/assets/scripts/core/GameManager.ts' costs: 175.00 ms
21:48:35.904 debug: Resolve file:///C:/coin-pusher/cocos/coin-pusher-cocos/assets/scripts/gameplay/CoinBehaviour.ts from cce:/internal/x/prerequisite-imports as file:///C:/coin-pusher/cocos/coin-pusher-cocos/assets/scripts/gameplay/CoinBehaviour.ts.
21:48:35.905 debug: Resolve file:///C:/coin-pusher/cocos/coin-pusher-cocos/assets/scripts/gameplay/CoinSpawner.ts from cce:/internal/x/prerequisite-imports as file:///C:/coin-pusher/cocos/coin-pusher-cocos/assets/scripts/gameplay/CoinSpawner.ts.
21:48:35.905 debug: Resolve file:///C:/coin-pusher/cocos/coin-pusher-cocos/assets/scripts/gameplay/DropZone.ts from cce:/internal/x/prerequisite-imports as file:///C:/coin-pusher/cocos/coin-pusher-cocos/assets/scripts/gameplay/DropZone.ts.
21:48:35.906 debug: Resolve file:///C:/coin-pusher/cocos/coin-pusher-cocos/assets/scripts/gameplay/ItemPrefabConfig.ts from cce:/internal/x/prerequisite-imports as file:///C:/coin-pusher/cocos/coin-pusher-cocos/assets/scripts/gameplay/ItemPrefabConfig.ts.
21:48:35.906 debug: Detected change: file:///C:/coin-pusher/cocos/coin-pusher-cocos/assets/scripts/gameplay/ItemPrefabConfig.ts. Last mtime: Tue Apr 21 2026 18:42:45 GMT+0800 (中国标准时间)@540b4dc9-7880-47fe-960c-6d5e852f658b, Current mtime: Tue Apr 21 2026 21:35:52 GMT+0800 (中国标准时间)@540b4dc9-7880-47fe-960c-6d5e852f658b
21:48:35.907 debug: Inspect file:///C:/coin-pusher/cocos/coin-pusher-cocos/assets/scripts/gameplay/ItemPrefabConfig.ts
21:48:35.957 debug: transform url: 'file:///C:/coin-pusher/cocos/coin-pusher-cocos/assets/scripts/gameplay/ItemPrefabConfig.ts' costs: 50.00 ms
21:48:35.959 debug: Resolve file:///C:/coin-pusher/cocos/coin-pusher-cocos/assets/scripts/gameplay/PusherController.ts from cce:/internal/x/prerequisite-imports as file:///C:/coin-pusher/cocos/coin-pusher-cocos/assets/scripts/gameplay/PusherController.ts.
21:48:35.960 debug: Resolve file:///C:/coin-pusher/cocos/coin-pusher-cocos/assets/scripts/ui/SpawnButtonHold.ts from cce:/internal/x/prerequisite-imports as file:///C:/coin-pusher/cocos/coin-pusher-cocos/assets/scripts/ui/SpawnButtonHold.ts.
21:48:35.960 debug: Resolve cce:/internal/code-quality/cr.mjs from file:///C:/coin-pusher/cocos/coin-pusher-cocos/assets/scripts/core/GameManager.ts as cce:/internal/code-quality/cr.mjs.
21:48:35.960 debug: Resolve cc from file:///C:/coin-pusher/cocos/coin-pusher-cocos/assets/scripts/core/GameManager.ts as cce:/internal/x/cc.
21:48:35.960 debug: Resolve cc from file:///C:/coin-pusher/cocos/coin-pusher-cocos/assets/scripts/core/GameManager.ts as cce:/internal/x/cc.
21:48:35.960 debug: Resolve cc from file:///C:/coin-pusher/cocos/coin-pusher-cocos/assets/scripts/core/GameManager.ts as cce:/internal/x/cc.
21:48:35.961 debug: Resolve ../gameplay/CoinSpawner from file:///C:/coin-pusher/cocos/coin-pusher-cocos/assets/scripts/core/GameManager.ts as file:///C:/coin-pusher/cocos/coin-pusher-cocos/assets/scripts/gameplay/CoinSpawner.ts.
21:48:35.962 debug: Resolve ../gameplay/ItemPrefabConfig from file:///C:/coin-pusher/cocos/coin-pusher-cocos/assets/scripts/core/GameManager.ts as file:///C:/coin-pusher/cocos/coin-pusher-cocos/assets/scripts/gameplay/ItemPrefabConfig.ts.
21:48:35.962 debug: Resolve cc from file:///C:/coin-pusher/cocos/coin-pusher-cocos/assets/scripts/gameplay/ItemPrefabConfig.ts as cce:/internal/x/cc.
21:48:35.962 debug: Resolve cc from file:///C:/coin-pusher/cocos/coin-pusher-cocos/assets/scripts/gameplay/ItemPrefabConfig.ts as cce:/internal/x/cc.
21:48:35.962 debug: Resolve cc from file:///C:/coin-pusher/cocos/coin-pusher-cocos/assets/scripts/gameplay/ItemPrefabConfig.ts as cce:/internal/x/cc.
21:48:35.976 debug: Target(preview) ends with cost 284.756400000304ms.
